,amount,commission,sid,status,time,symbol
0,151000,3055.485,2010009543,1,2015/02/12,300418
1,-2700,253.422,2010009543,1,2015/02/13,300418
2,100,1.9635,2010009543,1,2015/02/25,300418
3,-74100,7244.9793,2010009543,1,2015/03/13,300418
4,249100,1664.2371,2010000234,1,2015/03/13,600266
5,74000,1629.924,2010009543,1,2015/03/16,300418
6,-1700,49.725,2010000234,1,2015/03/17,600266
7,-73200,7480.5276,2010009543,1,2015/03/17,300418
8,15600,103.428,2010000234,1,2015/03/18,600266
9,100,2.3961,2010009543,1,2015/03/18,300418
10,-1100,115.401,2010009543,1,2015/03/19,300418
11,-400,11.7624,2010000234,1,2015/03/20,600266
12,4700,31.815,2010000234,1,2015/03/19,600266
13,-400,12.6568,2010000234,1,2015/03/23,600266
14,-10900,331.1529,2010000234,1,2015/03/24,600266
15,100,2.5731,2010009543,1,2015/03/23,300418
16,-4000,409.916,2010009543,1,2015/03/25,300418
17,13700,92.6805,2010000234,1,2015/03/25,600266
18,3400,80.6148,2010009543,1,2015/03/24,300418
19,-6200,187.6368,2010000234,1,2015/03/26,600266
20,-2600,79.1596,2010000234,1,2015/03/27,600266
21,1700,39.1425,2010009543,1,2015/03/26,300418
22,800,18.42,2010009543,1,2015/03/27,300418
23,-5500,161.876,2010000234,1,2015/03/30,600266
24,-2800,291.6004,2010009543,1,2015/03/31,300418
25,9500,64.3815,2010000234,1,2015/03/31,600266
26,1800,43.2456,2010009543,1,2015/03/30,300418
27,-100,11.0045,2010009543,1,2015/04/01,300418
28,-2300,264.5851,2010009543,1,2015/04/02,300418
29,700,4.8261,2010000234,1,2015/04/01,600266
30,8400,58.3488,2010000234,1,2015/04/02,600266
31,-900,113.8878,2010009543,1,2015/04/03,300418
32,3900,27.1089,2010000234,1,2015/04/03,600266
33,-2800,389.7348,2010009543,1,2015/04/07,300418
34,-1900,277.875,2010009543,1,2015/04/08,300418
35,9200,70.7388,2010000234,1,2015/04/08,600266
36,11800,90.7302,2010000234,1,2015/04/07,600266
37,-2600,84.838,2010000234,1,2015/04/09,600266
38,-3600,637.0884,2010009543,1,2015/04/10,300418
39,300,12.2517,2010009543,1,2015/04/09,300418
40,18000,132.174,2010000234,1,2015/04/10,600266
41,-63800,10906.61,2010009543,1,2015/04/13,300418
42,346500,2362.0329,2010000234,1,2015/04/13,600266
43,-300,8.8257,2010000234,1,2015/04/14,600266
44,24500,165.963,2010000234,1,2015/04/15,600266
45,100,0.6828,2010000234,1,2015/04/16,600266
46,-685100,18444.9473,2010000234,1,2015/05/07,600266
47,160200,3921.696,2010010297,1,2015/06/11,603355
48,13400,295.2288,2010010297,1,2015/06/12,603355
49,1500,29.9295,2010010297,1,2015/06/15,603355
50,-175100,15781.5879,2010010297,1,2015/06/16,603355
51,1070000,3277.41,2010007117,1,2015/07/07,603993
52,118100,397.8789,2010007117,1,2015/07/08,603993
53,-10700,171.7885,2010007117,1,2015/07/09,603993
54,900,3.6693,2010007117,1,2015/07/10,603993
55,-785500,17737.3755,2010007117,1,2015/07/20,603993
56,128900,1862.7339,2010001666,1,2015/07/20,002223
57,378600,1969.4772,2010003349,1,2015/07/20,002303
58,784400,3976.908,2010007117,1,2015/07/21,603993
59,-23700,1580.2449,2010001666,1,2015/07/22,002223
60,-86500,1973.4975,2010003349,1,2015/07/22,002303
61,-877500,19278.675,2010007117,1,2015/07/22,603993
62,138800,1021.4292,2010001301,1,2015/07/23,000810
63,-37600,2390.232,2010001666,1,2015/07/23,002223
64,-94700,2165.5049,2010003349,1,2015/07/23,002303
65,143400,1000.215,2010003566,1,2015/07/23,002375
66,52800,1053.36,2010004344,1,2015/07/23,300144
67,-94700,2137.1896,2010007117,1,2015/07/23,603993
68,206100,1563.6807,2010004133,1,2015/07/22,002470
69,-33400,958.7136,2010001301,1,2015/07/24,000810
70,-14700,841.0311,2010001666,1,2015/07/24,002223
71,-50500,1039.2395,2010003349,1,2015/07/24,002303
72,-32200,876.1298,2010003566,1,2015/07/24,002375
73,-103900,3074.1932,2010004133,1,2015/07/24,002470
74,-13900,1081.4895,2010004344,1,2015/07/24,300144
75,-56100,1139.1666,2010007117,1,2015/07/24,603993
76,-105400,2722.5874,2010001301,1,2015/07/27,000810
77,-111200,2737.9664,2010003566,1,2015/07/27,002375
78,-102200,3147.4534,2010004133,1,2015/07/27,002470
79,-38900,2949.7481,2010004344,1,2015/07/27,300144
80,38700,663.5115,2010001574,1,2015/07/24,002131
81,233800,999.495,2010003349,1,2015/07/27,002303
82,-36100,2069.613,2010001666,1,2015/07/28,002223
83,-75000,1326.975,2010003349,1,2015/07/28,002303
84,-112400,2428.5144,2010007117,1,2015/07/28,603993
85,37400,603.7482,2010001574,1,2015/07/28,002131
86,84000,1088.7012,2010001666,1,2015/07/27,002223
87,32500,402.675,2010001666,1,2015/07/29,002223
88,-305700,5047.107,2010003349,1,2015/07/29,002303
89,236900,1129.8945,2010007117,1,2015/07/27,603993
90,80500,369.7365,2010007117,1,2015/07/29,603993
91,22200,358.3746,2010001574,1,2015/07/29,002131
92,-36900,2323.1871,2010001574,1,2015/07/30,002131
93,-53300,2849.8977,2010001666,1,2015/07/30,002223
94,-138200,2770.3572,2010007117,1,2015/07/30,603993
95,107700,830.547,2010000361,1,2015/07/30,600410
96,35800,270.4332,2010000361,1,2015/07/31,600410
97,-61400,3480.152,2010001574,1,2015/07/31,002131
98,17100,196.0173,2010001666,1,2015/07/31,002223
99,63100,864.0561,2010004990,1,2015/07/30,002642
100,17800,239.0718,2010004990,1,2015/07/31,002642
101,43500,181.395,2010007117,1,2015/07/31,603993
102,-97100,5074.446,2010001666,1,2015/08/03,002223
103,55200,454.3704,2010000361,1,2015/08/03,600410
104,-53200,1869.3948,2010000361,1,2015/08/04,600410
105,30800,437.424,2010004990,1,2015/08/03,002642
106,-27900,1668.42,2010004990,1,2015/08/04,002642
107,100800,446.034,2010007117,1,2015/08/03,603993
108,-91300,1703.2015,2010007117,1,2015/08/04,603993
109,-22100,1159.8301,2010000279,1,2015/08/05,600315
110,-30200,1063.1608,2010000361,1,2015/08/05,600410
111,-16000,929.76,2010004990,1,2015/08/05,002642
112,-51600,935.766,2010007117,1,2015/08/05,603993
113,98300,1202.9853,2010000279,1,2015/08/04,600315
114,-300,16.0758,2010000279,1,2015/08/06,600315
115,-2100,78.1326,2010000361,1,2015/08/06,600410
116,-7800,109.512,2010000477,1,2015/08/06,600565
117,700,10.1388,2010004990,1,2015/08/06,002642
118,2400,10.4544,2010007117,1,2015/08/06,603993
119,287300,937.668,2010000477,1,2015/08/05,600565
120,-2000,77.948,2010000361,1,2015/08/07,600410
121,-2600,172.7856,2010004990,1,2015/08/07,002642
122,-400,8.1536,2010007117,1,2015/08/07,603993
123,1200,15.18,2010000279,1,2015/08/07,600315
124,-11300,614.3358,2010000279,1,2015/08/10,600315
125,-18300,691.8132,2010000361,1,2015/08/10,600410
126,14900,50.799,2010000477,1,2015/08/07,600565
127,-45600,676.9776,2010000477,1,2015/08/10,600565
128,-11400,743.964,2010004990,1,2015/08/10,002642
129,-41600,851.76,2010007117,1,2015/08/10,603993
130,114000,602.946,2010000153,1,2015/08/11,600177
131,-16200,856.2996,2010000279,1,2015/08/11,600315
132,-21600,793.5408,2010000361,1,2015/08/11,600410
133,-67300,998.2609,2010000477,1,2015/08/11,600565
134,40300,801.3072,2010001711,1,2015/08/10,002268
135,49300,644.4003,2010004534,1,2015/08/11,002555
136,-13200,815.4432,2010004990,1,2015/08/11,002642
137,-45900,901.017,2010007117,1,2015/08/11,603993
138,-12300,285.7413,2010000153,1,2015/08/12,600177
139,-5500,294.5085,2010000279,1,2015/08/12,600315
140,-7800,292.6404,2010000361,1,2015/08/12,600410
141,-24400,377.468,2010000477,1,2015/08/12,600565
142,-13000,1155.791,2010001711,1,2015/08/12,002268
143,-8100,454.5801,2010004534,1,2015/08/12,002555
144,-3500,224.315,2010004990,1,2015/08/12,002642
145,-12900,278.5497,2010007117,1,2015/08/12,603993
146,1900,10.2258,2010000153,1,2015/08/13,600177
147,800,9.9888,2010000279,1,2015/08/13,600315
148,600,5.2146,2010000361,1,2015/08/13,600410
149,-1400,22.0038,2010000477,1,2015/08/13,600565
150,39200,535.4328,2010001047,1,2015/08/13,000503
151,-200,17.2718,2010001711,1,2015/08/13,002268
152,1700,22.2411,2010004534,1,2015/08/13,002555
153,-200,12.9246,2010004990,1,2015/08/13,002642
154,-7100,149.4337,2010007117,1,2015/08/13,603993
155,28900,586.7856,2010004939,1,2015/08/12,002625
156,-19100,442.9672,2010000153,1,2015/08/14,600177
157,-8500,465.868,2010000279,1,2015/08/14,600315
158,-11800,465.1088,2010000361,1,2015/08/14,600410
159,-30400,486.8864,2010000477,1,2015/08/14,600565
160,-5900,339.2441,2010001047,1,2015/08/14,000503
161,-4200,356.811,2010001711,1,2015/08/14,002268
162,-8100,441.1017,2010004534,1,2015/08/14,002555
163,-6500,553.3905,2010004939,1,2015/08/14,002625
164,-7100,504.6964,2010004990,1,2015/08/14,002642
165,-18000,381.654,2010007117,1,2015/08/14,603993
166,9500,45.771,2010000153,1,2015/08/17,600177
167,3300,38.6298,2010000279,1,2015/08/17,600315
168,3000,24.561,2010000361,1,2015/08/17,600410
169,10800,36.5796,2010000477,1,2015/08/17,600565
170,4600,54.9378,2010001047,1,2015/08/17,000503
171,2700,49.896,2010001711,1,2015/08/17,002268
172,111400,446.157,2010004357,1,2015/08/14,601933
173,5200,58.812,2010004534,1,2015/08/17,002555
174,3200,56.5824,2010004939,1,2015/08/17,002625
175,100,1.482,2010004990,1,2015/08/17,002642
176,9200,40.5168,2010007117,1,2015/08/17,603993
177,-37900,1985.581,2010001047,1,2015/08/18,000503
178,-40000,2000.96,2010004534,1,2015/08/18,002555
179,-25600,1930.24,2010004939,1,2015/08/18,002625
180,25700,116.6523,2010000153,1,2015/08/18,600177
181,-22000,432.718,2010000153,1,2015/08/19,600177
182,9500,111.0075,2010000279,1,2015/08/18,600315
183,-9800,496.223,2010000279,1,2015/08/19,600315
184,15100,119.8638,2010000361,1,2015/08/18,600410
185,-14100,485.0118,2010000361,1,2015/08/19,600410
186,34200,119.9394,2010000477,1,2015/08/18,600565
187,-38300,582.0451,2010000477,1,2015/08/19,600565
188,58900,438.5694,2010000778,1,2015/08/19,600867
189,5600,106.1256,2010001711,1,2015/08/18,002268
190,-6700,550.2107,2010001711,1,2015/08/19,002268
191,32600,121.0764,2010004357,1,2015/08/18,601933
192,-29000,466.726,2010004357,1,2015/08/19,601933
193,35000,480.06,2010004516,1,2015/08/19,300182
194,8300,119.2959,2010004990,1,2015/08/18,002642
195,-7900,492.0357,2010004990,1,2015/08/19,002642
196,28200,121.7394,2010007117,1,2015/08/18,603993
197,-24300,454.5801,2010007117,1,2015/08/19,603993
198,-97700,1794.6513,2010000153,1,2015/08/20,600177
199,-400,19.0476,2010000279,1,2015/08/20,600315
200,1000,7.143,2010000361,1,2015/08/20,600410
201,-2100,32.1048,2010000477,1,2015/08/20,600565
202,2200,15.3384,2010000778,1,2015/08/20,600867
203,-400,30.42,2010001711,1,2015/08/20,002268
204,-1800,102.024,2010004516,1,2015/08/20,300182
205,600,7.776,2010004990,1,2015/08/20,002642
206,-1200,20.9664,2010007117,1,2015/08/20,603993
207,7500,25.065,2010004357,1,2015/08/20,601933
208,9300,92.1537,2010000279,1,2015/08/21,600315
209,17100,109.9359,2010000361,1,2015/08/21,600410
210,20700,65.7018,2010000477,1,2015/08/21,600565
211,15100,94.7676,2010000778,1,2015/08/21,600867
212,106700,398.244,2010000945,1,2015/08/20,000009
213,-24100,1649.5245,2010001711,1,2015/08/21,002268
214,-122500,1597.2775,2010004357,1,2015/08/21,601933
215,7400,87.1128,2010004516,1,2015/08/21,300182
216,9400,109.6416,2010004990,1,2015/08/21,002642
217,26300,95.469,2010007117,1,2015/08/21,603993
218,22800,84.132,2010000945,1,2015/08/21,000009
219,-48300,2001.1173,2010000279,1,2015/08/24,600315
220,-74400,1865.7288,2010000361,1,2015/08/24,600410
221,-76200,1884.1212,2010000778,1,2015/08/24,600867
222,-40600,1864.1896,2010004516,1,2015/08/24,300182
223,-41000,1864.967,2010004990,1,2015/08/24,002642
224,-131800,1865.8926,2010007117,1,2015/08/24,603993
225,394100,1185.2964,2010000945,1,2015/08/24,000009
226,368800,1294.488,2010001038,1,2015/08/25,000425
227,-132000,1755.468,2010000945,1,2015/08/26,000009
228,-35400,552.24,2010001038,1,2015/08/26,000425
229,-2200,32.175,2010000945,1,2015/08/27,000009
230,-1400,24.024,2010001038,1,2015/08/27,000425
231,-11600,166.634,2010000945,1,2015/08/28,000009
232,-10000,169.65,2010001038,1,2015/08/28,000425
233,2900,8.6565,2010000945,1,2015/08/31,000009
234,300,1.0575,2010001038,1,2015/08/31,000425
235,14100,41.454,2010000945,1,2015/09/01,000009
236,12000,38.196,2010001038,1,2015/09/01,000425
237,-8300,107.7921,2010000945,1,2015/09/02,000009
238,22600,78.309,2010001038,1,2015/09/02,000425
239,5600,17.5224,2010000945,1,2015/09/07,000009
240,-17700,279.1113,2010001038,1,2015/09/07,000425
241,-101300,1510.4843,2010000945,1,2015/09/08,000009
242,-89200,1451.8192,2010001038,1,2015/09/08,000425
243,286300,940.4955,2010006897,1,2015/09/08,300315
244,-69900,990.483,2010000945,1,2015/09/09,000009
245,-47600,762.3616,2010001038,1,2015/09/09,000425
246,-54900,811.4769,2010006897,1,2015/09/09,300315
247,101300,745.1628,2010003306,1,2015/09/09,002292
248,9600,31.9392,2010000945,1,2015/09/10,000009
249,1500,5.7555,2010001038,1,2015/09/10,000425
250,1100,8.745,2010003306,1,2015/09/10,002292
251,-10300,150.7714,2010006897,1,2015/09/10,300315
252,1700,5.0898,2010000945,1,2015/09/11,000009
253,-2500,37.4075,2010001038,1,2015/09/11,000425
254,-5200,161.226,2010003306,1,2015/09/11,002292
255,7600,23.0964,2010006897,1,2015/09/11,300315
256,5000,13.515,2010000945,1,2015/09/14,000009
257,4300,14.0094,2010001038,1,2015/09/14,000425
258,2000,12.882,2010003306,1,2015/09/14,002292
259,5000,13.68,2010006897,1,2015/09/14,300315
260,-237200,3055.8476,2010000945,1,2015/09/15,000009
261,-99200,3046.0352,2010003306,1,2015/09/15,002292
262,-233700,3047.2143,2010006897,1,2015/09/15,300315
263,194900,1068.2469,2010000156,1,2015/09/16,600180
264,301700,1124.613,2010001038,1,2015/09/15,000425
265,-176100,2930.304,2010001038,1,2015/09/16,000425
266,26900,147.7617,2010000156,1,2015/09/17,600180
267,-14600,248.638,2010001038,1,2015/09/17,000425
268,1400,8.3244,2010000156,1,2015/09/18,600180
269,-4600,86.112,2010001038,1,2015/09/18,000425
270,-4300,118.4521,2010000156,1,2015/09/21,600180
271,-10800,193.8924,2010001038,1,2015/09/21,000425
272,-12300,349.2216,2010000156,1,2015/09/22,600180
273,15600,22.4172,2010001038,1,2015/09/22,000425
274,103500,683.721,2010000156,1,2015/09/23,600180
275,-941100,5640.0123,2010001038,1,2015/09/23,000425
276,-5600,155.5008,2010000156,1,2015/09/24,600180
277,4500,29.7,2010000156,1,2015/09/25,600180
278,-4400,120.2916,2010000156,1,2015/09/28,600180
279,6800,41.6772,2010000156,1,2015/09/29,600180
280,4700,30.9072,2010000156,1,2015/09/30,600180
281,-112600,3284.7672,2010000156,1,2015/10/08,600180
282,171100,1343.8194,2010003622,1,2015/10/08,002399
283,-2300,69.6371,2010000156,1,2015/10/09,600180
284,1200,9.8172,2010003622,1,2015/10/09,002399
285,-52000,1615.64,2010000156,1,2015/10/12,600180
286,-44800,1600.4352,2010003622,1,2015/10/12,002399
287,139300,1046.0037,2010000171,1,2015/10/12,600196
288,-31500,962.7345,2010000156,1,2015/10/13,600180
289,-27000,869.778,2010000171,1,2015/10/13,600196
290,-25200,894.6756,2010003622,1,2015/10/13,002399
291,190000,807.69,2010000059,1,2015/10/13,600074
292,6600,28.6704,2010000059,1,2015/10/14,600074
293,800,5.8296,2010000156,1,2015/10/14,600180
294,100,0.7557,2010000171,1,2015/10/14,600196
295,-200,7.3216,2010003622,1,2015/10/14,002399
296,-200,3.7466,2010000059,1,2015/10/15,600074
297,-1400,44.3716,2010000156,1,2015/10/15,600180
298,400,3.0036,2010000171,1,2015/10/15,600196
299,-1100,40.3832,2010003622,1,2015/10/15,002399
300,700,3.1143,2010000059,1,2015/10/16,600074
301,-500,15.6195,2010000156,1,2015/10/16,600180
302,700,5.481,2010000171,1,2015/10/16,600196
303,-300,10.8498,2010003622,1,2015/10/16,002399
304,-36000,724.932,2010000059,1,2015/10/19,600074
305,-17200,547.1492,2010000156,1,2015/10/19,600180
306,-22000,737.594,2010000171,1,2015/10/19,600196
307,-14800,547.1856,2010003622,1,2015/10/19,002399
308,232000,698.088,2010003570,1,2015/10/19,601158
309,-27000,489.294,2010000059,1,2015/10/20,600074
310,-14500,425.633,2010000156,1,2015/10/20,600180
311,-11000,345.345,2010000171,1,2015/10/20,600196
312,-25000,295.425,2010003570,1,2015/10/20,601158
313,-12900,444.0696,2010003622,1,2015/10/20,002399
314,-12500,230.5875,2010000059,1,2015/10/21,600074
315,-9800,291.109,2010000156,1,2015/10/21,600180
316,-10300,338.6331,2010000171,1,2015/10/21,600196
317,-20600,253.071,2010003570,1,2015/10/21,601158
318,-9000,321.984,2010003622,1,2015/10/21,002399
319,422700,561.4479,2010004625,1,2015/10/20,601258
320,-39300,232.4595,2010004625,1,2015/10/21,601258
321,-23600,435.0424,2010000059,1,2015/10/22,600074
322,-14200,427.5336,2010000156,1,2015/10/22,600180
323,-15200,516.3288,2010000171,1,2015/10/22,600196
324,-39200,500.4272,2010003570,1,2015/10/22,601158
325,-13400,519.987,2010003622,1,2015/10/22,002399
326,-26600,660.478,2010004214,1,2015/10/22,002491
327,-77800,464.2326,2010004625,1,2015/10/22,601258
328,105200,571.938,2010004214,1,2015/10/21,002491
329,-25800,494.715,2010000059,1,2015/10/23,600074
330,-16700,494.5538,2010000156,1,2015/10/23,600180
331,-15800,528.0834,2010000171,1,2015/10/23,600196
332,27700,406.9317,2010001473,1,2015/10/22,002030
333,-6900,428.6763,2010001473,1,2015/10/23,002030
334,-43000,541.671,2010003570,1,2015/10/23,601158
335,-16300,624.0455,2010003622,1,2015/10/23,002399
336,-25000,558.675,2010004214,1,2015/10/23,002491
337,-82800,489.762,2010004625,1,2015/10/23,601258
338,90100,406.5312,2010005062,1,2015/10/22,601800
339,-22100,432.0992,2010005062,1,2015/10/23,601800
340,92200,294.8556,2010001083,1,2015/10/23,000540
341,38200,314.577,2010001228,1,2015/10/23,000712
342,23800,296.31,2010003325,1,2015/10/23,300003
343,48700,297.1674,2010004250,1,2015/10/23,600998
344,-3900,82.2861,2010000059,1,2015/10/26,600074
345,-1500,52.182,2010001228,1,2015/10/26,000712
346,-300,3.8376,2010003570,1,2015/10/26,601158
347,-100,3.8688,2010003622,1,2015/10/26,002399
348,-1600,9.3392,2010004625,1,2015/10/26,601258
349,-1100,21.7503,2010005062,1,2015/10/26,601800
350,-16400,339.2012,2010000059,1,2015/10/27,600074
351,-9200,273.5252,2010000156,1,2015/10/27,600180
352,-6100,197.5363,2010000171,1,2015/10/27,600196
353,-14300,196.1245,2010001083,1,2015/10/27,000540
354,-5200,175.1516,2010001228,1,2015/10/27,000712
355,-3600,211.536,2010001473,1,2015/10/27,002030
356,-4900,256.711,2010003325,1,2015/10/27,300003
357,-18300,241.9443,2010003570,1,2015/10/27,601158
358,-5900,220.896,2010003622,1,2015/10/27,002399
359,-9300,193.44,2010004214,1,2015/10/27,002491
360,-8800,224.796,2010004250,1,2015/10/27,600998
361,-33700,195.3926,2010004625,1,2015/10/27,601258
362,-11500,215.579,2010005062,1,2015/10/27,601800
363,15100,73.2501,2010000059,1,2015/10/28,600074
364,11600,78.996,2010000156,1,2015/10/28,600180
365,9600,72.576,2010000171,1,2015/10/28,600196
366,49600,233.3184,2010000336,1,2015/10/27,600380
367,2100,6.6087,2010001083,1,2015/10/26,000540
368,21000,66.087,2010001083,1,2015/10/28,000540
369,9600,74.5632,2010001228,1,2015/10/28,000712
370,55400,232.5138,2010001447,1,2015/10/27,002004
371,200,2.6868,2010001473,1,2015/10/26,002030
372,6100,81.9474,2010001473,1,2015/10/28,002030
373,16300,233.253,2010001626,1,2015/10/27,002183
374,400,4.9056,2010003325,1,2015/10/26,300003
375,7100,87.0744,2010003325,1,2015/10/28,300003
376,19200,58.9824,2010003570,1,2015/10/28,601158
377,8700,75.4551,2010003622,1,2015/10/28,002399
378,4900,24.6519,2010004214,1,2015/10/26,002491
379,700,4.1349,2010004250,1,2015/10/26,600998
380,13600,80.3352,2010004250,1,2015/10/28,600998
381,51500,69.525,2010004625,1,2015/10/28,601258
382,18500,79.3095,2010005062,1,2015/10/28,601800
383,-16300,332.8949,2010000059,1,2015/10/29,600074
384,-10500,306.579,2010000156,1,2015/10/29,600180
385,-10200,330.3066,2010000171,1,2015/10/29,600196
386,-22900,310.5011,2010001083,1,2015/10/29,000540
387,-9400,322.8524,2010001228,1,2015/10/29,000712
388,-5200,304.4704,2010001473,1,2015/10/29,002030
389,-6300,326.0439,2010003325,1,2015/10/29,300003
390,-24800,328.5256,2010003570,1,2015/10/29,601158
391,-8600,318.4064,2010003622,1,2015/10/29,002399
392,-300,6.2985,2010004214,1,2015/10/29,002491
393,-12600,322.8498,2010004250,1,2015/10/29,600998
394,-57000,326.781,2010004625,1,2015/10/29,601258
395,-16600,311.1836,2010005062,1,2015/10/29,601800
396,-200,5.7902,2010000156,1,2015/10/30,600180
397,-100,3.2032,2010000171,1,2015/10/30,600196
398,-800,10.6808,2010001083,1,2015/10/30,000540
399,-1200,39.6864,2010001228,1,2015/10/30,000712
400,-400,21.7412,2010001473,1,2015/10/30,002030
401,-900,12.0042,2010003570,1,2015/10/30,601158
402,-100,3.6647,2010003622,1,2015/10/30,002399
403,-48900,954.8214,2010004214,1,2015/10/30,002491
404,-700,17.5539,2010004250,1,2015/10/30,600998
405,-1400,26.299,2010005062,1,2015/10/30,601800
406,1700,11.4087,2010000156,1,2015/11/02,600180
407,1600,11.8032,2010000171,1,2015/11/02,600196
408,2600,11.115,2010000336,1,2015/10/29,600380
409,1300,5.5575,2010000336,1,2015/10/30,600380
410,4900,20.9475,2010000336,1,2015/11/02,600380
411,4200,12.6882,2010001083,1,2015/11/02,000540
412,2400,17.9568,2010001228,1,2015/11/02,000712
413,3100,12.3876,2010001447,1,2015/10/29,002004
414,300,1.1988,2010001447,1,2015/10/30,002004
415,5200,20.7792,2010001447,1,2015/11/02,002004
416,-17900,957.5605,2010001473,1,2015/11/02,002030
417,800,11.28,2010001626,1,2015/10/29,002183
418,800,11.28,2010001626,1,2015/10/30,002183
419,800,11.28,2010001626,1,2015/11/02,002183
420,100,1.1424,2010003325,1,2015/10/30,300003
421,1200,13.7088,2010003325,1,2015/11/02,300003
422,2500,7.2975,2010003570,1,2015/11/02,601158
423,1400,12.1506,2010003622,1,2015/11/02,002399
424,2500,14.8575,2010004250,1,2015/11/02,600998
425,600,0.7722,2010004625,1,2015/10/30,601258
426,10000,12.87,2010004625,1,2015/11/02,601258
427,2000,8.724,2010005062,1,2015/11/02,601800
428,2200,25.6806,2010000381,1,2015/11/02,600446
429,-2400,74.88,2010000156,1,2015/11/03,600180
430,-1900,63.3061,2010000171,1,2015/11/03,600196
431,-3100,63.1904,2010000336,1,2015/11/03,600380
432,-3300,45.0021,2010001083,1,2015/11/03,000540
433,-1300,46.3567,2010001228,1,2015/11/03,000712
434,-4800,89.1696,2010001447,1,2015/11/03,002004
435,-1900,120.6595,2010001626,1,2015/11/03,002183
436,-700,37.4829,2010003325,1,2015/11/03,300003
437,-600,7.9092,2010003570,1,2015/11/03,601158
438,-2400,93.912,2010003622,1,2015/11/03,002399
439,-3600,95.8932,2010004250,1,2015/11/03,600998
440,-9000,52.416,2010004625,1,2015/11/03,601258
441,-3700,73.4487,2010005062,1,2015/11/03,601800
442,-700,21.0483,2010000156,1,2015/11/04,600180
443,100,0.7797,2010000171,1,2015/11/04,600196
444,-2500,50.635,2010000336,1,2015/11/04,600380
445,-800,48.2872,2010000381,1,2015/11/04,600446
446,500,1.5735,2010001083,1,2015/11/04,000540
447,-1400,53.3806,2010001228,1,2015/11/04,000712
448,-1300,23.5079,2010001447,1,2015/11/04,002004
449,100,1.4163,2010001626,1,2015/11/04,002183
450,-600,31.824,2010003325,1,2015/11/04,300003
451,500,1.5,2010003570,1,2015/11/04,601158
452,100,0.8931,2010003622,1,2015/11/04,002399
453,500,3.0315,2010004250,1,2015/11/04,600998
454,800,1.0872,2010004625,1,2015/11/04,601258
455,20700,245.3571,2010000279,1,2015/11/04,600315
456,100,1.3929,2010000381,1,2015/11/03,600446
457,17900,236.6955,2010000381,1,2015/10/30,600446
458,60200,271.9836,2010000393,1,2015/11/03,600466
459,-2300,71.6105,2010000156,1,2015/11/05,600180
460,-3600,123.084,2010000171,1,2015/11/05,600196
461,-1900,98.0096,2010000279,1,2015/11/05,600315
462,-5100,104.3562,2010000336,1,2015/11/05,600380
463,-3400,219.5414,2010000381,1,2015/11/05,600446
464,-10800,216.0756,2010000393,1,2015/11/05,600466
465,-7900,112.0457,2010001083,1,2015/11/05,000540
466,-4800,197.6208,2010001228,1,2015/11/05,000712
467,-4500,82.134,2010001447,1,2015/11/05,002004
468,-1100,72.5725,2010001626,1,2015/11/05,002183
469,-1800,97.2504,2010003325,1,2015/11/05,300003
470,-7200,95.472,2010003570,1,2015/11/05,601158
471,-2400,94.9728,2010003622,1,2015/11/05,002399
472,-3500,92.82,2010004250,1,2015/11/05,600998
473,-20400,121.1964,2010004625,1,2015/11/05,601258
474,-9600,206.6688,2010005062,1,2015/11/05,601800
475,-9800,335.699,2010000156,1,2015/11/06,600180
476,-8200,283.8758,2010000171,1,2015/11/06,600196
477,-5200,269.048,2010000279,1,2015/11/06,600315
478,-13600,281.2888,2010000336,1,2015/11/06,600380
479,-5200,362.0656,2010000381,1,2015/11/06,600446
480,-14500,284.258,2010000393,1,2015/11/06,600466
481,-21600,302.1408,2010001083,1,2015/11/06,000540
482,-8400,339.9396,2010001228,1,2015/11/06,000712
483,-15200,294.6216,2010001447,1,2015/11/06,002004
484,-5200,344.6924,2010001626,1,2015/11/06,002183
485,-5400,293.1552,2010003325,1,2015/11/06,300003
486,-21700,285.7673,2010003570,1,2015/11/06,601158
487,-7300,290.2991,2010003622,1,2015/11/06,002399
488,-10500,277.5045,2010004250,1,2015/11/06,600998
489,-46700,277.4447,2010004625,1,2015/11/06,601258
490,-12200,262.9588,2010005062,1,2015/11/06,601800
491,500,2.4525,2010000059,1,2015/10/30,600074
492,-7400,157.287,2010000059,1,2015/11/09,600074
493,5400,45.9594,2010000156,1,2015/11/09,600180
494,7100,56.3598,2010000171,1,2015/11/09,600196
495,4800,57.168,2010000279,1,2015/11/09,600315
496,49800,157.617,2010000326,1,2015/11/06,600369
497,20500,64.8825,2010000326,1,2015/11/09,600369
498,12000,55.116,2010000336,1,2015/11/09,600380
499,2900,47.5803,2010000381,1,2015/11/09,600446
500,13800,63.3834,2010000393,1,2015/11/09,600466
501,20200,236.4006,2010000565,1,2015/11/09,600654
502,29700,155.925,2010000748,1,2015/11/06,600837
503,52000,171.288,2010000851,1,2015/11/06,601099
504,19000,61.617,2010001083,1,2015/11/09,000540
505,6500,59.475,2010001228,1,2015/11/09,000712
506,40700,155.067,2010001278,1,2015/11/06,000783
507,28700,227.7345,2010001333,1,2015/11/05,000858
508,11000,48.378,2010001447,1,2015/11/09,002004
509,3800,56.7834,2010001626,1,2015/11/09,002183
510,75400,161.0544,2010003287,1,2015/11/06,601668
511,21800,168.8628,2010003291,1,2015/11/06,601788
512,4600,57.7392,2010003325,1,2015/11/09,300003
513,24400,156.4284,2010003546,1,2015/11/06,601688
514,19900,60.894,2010003570,1,2015/11/09,601158
515,6300,57.5883,2010003622,1,2015/11/09,002399
516,45300,178.8444,2010004185,1,2015/11/06,601377
517,9800,60.5052,2010004250,1,2015/11/09,600998
518,43400,59.7618,2010004625,1,2015/11/09,601258
519,11900,57.834,2010005062,1,2015/11/09,601800
520,44700,158.3721,2010009693,1,2015/11/06,000166
521,-13800,293.6778,2010000059,1,2015/11/10,600074
522,-10500,384.111,2010000156,1,2015/11/10,600180
523,-9000,309.933,2010000171,1,2015/11/10,600196
524,-6000,310.752,2010000279,1,2015/11/10,600315
525,-23900,334.9346,2010000326,1,2015/11/10,600369
526,-14100,292.9134,2010000336,1,2015/11/10,600380
527,-4700,334.7669,2010000381,1,2015/11/10,600446
528,-16700,345.189,2010000393,1,2015/11/10,600466
529,-7600,378.2064,2010000565,1,2015/11/10,600654
530,-1700,38.8739,2010000748,1,2015/11/10,600837
531,-7400,106.6858,2010000851,1,2015/11/10,601099
532,-22900,318.8367,2010001083,1,2015/11/10,000540
533,-7400,301.2022,2010001228,1,2015/11/10,000712
534,-2100,35.763,2010001278,1,2015/11/10,000783
535,-10200,346.8816,2010001333,1,2015/11/10,000858
536,-15800,315.289,2010001447,1,2015/11/10,002004
537,-4500,291.915,2010001626,1,2015/11/10,002183
538,-6700,61.4926,2010003287,1,2015/11/10,601668
539,-2800,99.9544,2010003291,1,2015/11/10,601788
540,-5800,316.68,2010003325,1,2015/11/10,300003
541,-1500,42.471,2010003546,1,2015/11/10,601688
542,-24500,323.9145,2010003570,1,2015/11/10,601158
543,-7900,315.6998,2010003622,1,2015/11/10,002399
544,-8100,140.2596,2010004185,1,2015/11/10,601377
545,-12300,330.0336,2010004250,1,2015/11/10,600998
546,-54100,322.8147,2010004625,1,2015/11/10,601258
547,-14100,298.779,2010005062,1,2015/11/10,601800
548,-3200,49.504,2010009693,1,2015/11/10,000166
549,-400,5.772,2010000326,1,2015/11/11,600369
550,-1000,21.203,2010000336,1,2015/11/11,600380
551,-800,16.1824,2010000393,1,2015/11/11,600466
552,-200,8.0288,2010001228,1,2015/11/11,000712
553,-700,11.5115,2010001278,1,2015/11/11,000783
554,-1100,21.9505,2010001447,1,2015/11/11,002004
555,-900,30.7008,2010003291,1,2015/11/11,601788
556,-100,2.8821,2010003546,1,2015/11/11,601688
557,-200,2.886,2010000326,1,2015/11/12,600369
558,-100,5.2,2010000279,1,2015/11/13,600315
559,-400,5.6368,2010000326,1,2015/11/13,600369
560,-200,14.3624,2010000381,1,2015/11/13,600446
561,-100,2.1879,2010000748,1,2015/11/13,600837
562,-900,12.5307,2010000851,1,2015/11/13,601099
563,-1000,14.144,2010001083,1,2015/11/13,000540
564,-100,4.1704,2010001228,1,2015/11/13,000712
565,-3300,57.8721,2010001278,1,2015/11/13,000783
566,-100,3.3332,2010001333,1,2015/11/13,000858
567,-500,34.034,2010001626,1,2015/11/13,002183
568,-400,6.6144,2010004185,1,2015/11/13,601377
569,-400,2.3816,2010004625,1,2015/11/13,601258
570,-500,7.527,2010009693,1,2015/11/13,000166
571,-2100,44.1168,2010000059,1,2015/11/16,600074
572,-600,21.06,2010000156,1,2015/11/16,600180
573,-700,23.5599,2010000171,1,2015/11/16,600196
574,-300,15.6429,2010000279,1,2015/11/16,600315
575,-200,2.8158,2010000326,1,2015/11/16,600369
576,-1800,38.0718,2010000336,1,2015/11/16,600380
577,-400,27.7368,2010000381,1,2015/11/16,600446
578,-2200,42.2422,2010000393,1,2015/11/16,600466
579,-500,23.569,2010000565,1,2015/11/16,600654
580,-300,6.6729,2010000748,1,2015/11/16,600837
581,-800,11.3048,2010000851,1,2015/11/16,601099
582,-2300,32.6209,2010001083,1,2015/11/16,000540
583,-1000,42.029,2010001228,1,2015/11/16,000712
584,-400,6.9368,2010001278,1,2015/11/16,000783
585,-400,13.4732,2010001333,1,2015/11/16,000858
586,-800,15.0592,2010001447,1,2015/11/16,002004
587,-400,26.0,2010001626,1,2015/11/16,002183
588,-2100,18.5094,2010003287,1,2015/11/16,601668
589,-200,6.682,2010003291,1,2015/11/16,601788
590,-200,10.6184,2010003325,1,2015/11/16,300003
591,-2400,31.512,2010003570,1,2015/11/16,601158
592,-700,27.7277,2010003622,1,2015/11/16,002399
593,-800,13.1248,2010004185,1,2015/11/16,601377
594,-1100,28.028,2010004250,1,2015/11/16,600998
595,-900,5.2182,2010004625,1,2015/11/16,601258
596,-1900,39.8658,2010005062,1,2015/11/16,601800
597,-800,12.2616,2010009693,1,2015/11/16,000166
598,200,0.939,2010000059,1,2015/11/11,600074
599,400,1.878,2010000059,1,2015/11/12,600074
600,1000,4.695,2010000059,1,2015/11/13,600074
601,500,2.3475,2010000059,1,2015/11/17,600074
602,200,1.557,2010000156,1,2015/11/11,600180
603,500,3.8925,2010000156,1,2015/11/12,600180
604,100,0.7785,2010000156,1,2015/11/13,600180
605,500,3.8925,2010000156,1,2015/11/17,600180
606,100,0.7581,2010000171,1,2015/11/11,600196
607,400,3.0324,2010000171,1,2015/11/12,600196
608,500,3.7905,2010000171,1,2015/11/13,600196
609,300,3.6036,2010000279,1,2015/11/12,600315
610,-100,5.2052,2010000279,1,2015/11/17,600315
611,-300,3.9546,2010000326,1,2015/11/17,600369
612,100,0.4659,2010000336,1,2015/11/12,600380
613,900,4.1931,2010000336,1,2015/11/13,600380
614,-300,6.0567,2010000336,1,2015/11/17,600380
615,500,7.4955,2010000381,1,2015/11/12,600446
616,200,2.9982,2010000381,1,2015/11/17,600446
617,1400,6.2328,2010000393,1,2015/11/12,600466
618,2200,9.7944,2010000393,1,2015/11/13,600466
619,300,1.3356,2010000393,1,2015/11/17,600466
620,300,3.0888,2010000565,1,2015/11/11,600654
621,500,5.148,2010000565,1,2015/11/12,600654
622,500,5.148,2010000565,1,2015/11/17,600654
623,100,0.5049,2010000748,1,2015/11/11,600837
624,1500,7.5735,2010000748,1,2015/11/12,600837
625,-700,15.3153,2010000748,1,2015/11/17,600837
626,2900,8.787,2010000851,1,2015/11/12,601099
627,-1000,13.13,2010000851,1,2015/11/17,601099
628,900,3.24,2010001083,1,2015/11/11,000540
629,2200,7.92,2010001083,1,2015/11/12,000540
630,-500,7.8,2010001083,1,2015/11/17,000540
631,500,4.6185,2010001228,1,2015/11/12,000712
632,-200,8.0054,2010001228,1,2015/11/17,000712
633,2200,8.3292,2010001278,1,2015/11/12,000783
634,400,3.1224,2010001333,1,2015/11/11,000858
635,800,6.2448,2010001333,1,2015/11/12,000858
636,-400,13.5304,2010001333,1,2015/11/17,000858
637,700,2.9295,2010001447,1,2015/11/12,002004
638,1400,5.859,2010001447,1,2015/11/13,002004
639,400,5.7456,2010001626,1,2015/11/12,002183
640,300,4.3092,2010001626,1,2015/11/17,002183
641,1400,2.835,2010003287,1,2015/11/11,601668
642,3600,7.29,2010003287,1,2015/11/12,601668
643,1200,8.6364,2010003291,1,2015/11/12,601788
644,-100,3.1187,2010003291,1,2015/11/17,601788
645,200,2.364,2010003325,1,2015/11/12,300003
646,400,4.728,2010003325,1,2015/11/13,300003
647,-100,5.122,2010003325,1,2015/11/17,300003
648,100,0.609,2010003546,1,2015/11/12,601688
649,600,1.7712,2010003570,1,2015/11/11,601158
650,1700,5.0184,2010003570,1,2015/11/12,601158
651,900,2.6568,2010003570,1,2015/11/13,601158
652,-600,7.6752,2010003570,1,2015/11/17,601158
653,500,4.5855,2010003622,1,2015/11/13,002399
654,2600,9.1884,2010004185,1,2015/11/12,601377
655,100,0.6237,2010004250,1,2015/11/11,600998
656,900,5.6133,2010004250,1,2015/11/12,600998
657,1200,7.4844,2010004250,1,2015/11/13,600998
658,1200,1.566,2010004625,1,2015/11/11,601258
659,500,0.6525,2010004625,1,2015/11/12,601258
660,1900,2.4795,2010004625,1,2015/11/17,601258
661,100,0.4698,2010005062,1,2015/11/11,601800
662,1200,5.6376,2010005062,1,2015/11/12,601800
663,500,2.349,2010005062,1,2015/11/13,601800
664,100,0.3417,2010009693,1,2015/11/11,000166
665,2100,7.1757,2010009693,1,2015/11/12,000166
666,-1100,16.2877,2010009693,1,2015/11/17,000166
667,-600,12.4566,2010000059,1,2015/11/18,600074
668,-400,10.3428,2010000089,1,2015/11/18,600104
669,-300,9.9684,2010000156,1,2015/11/18,600180
670,-600,20.1162,2010000171,1,2015/11/18,600196
671,-700,36.3909,2010000279,1,2015/11/18,600315
672,-300,6.1737,2010000336,1,2015/11/18,600380
673,-1900,37.2476,2010000393,1,2015/11/18,600466
674,-13400,623.9844,2010000565,1,2015/11/18,600654
675,-1200,26.676,2010000748,1,2015/11/18,600837
676,-6300,98.3619,2010001083,1,2015/11/18,000540
677,-100,4.0586,2010001228,1,2015/11/18,000712
678,-1100,37.5804,2010001333,1,2015/11/18,000858
679,-600,11.076,2010001447,1,2015/11/18,002004
680,-100,6.3895,2010001626,1,2015/11/18,002183
681,-3500,30.9855,2010003287,1,2015/11/18,601668
682,-300,15.6351,2010003325,1,2015/11/18,300003
683,-400,8.1068,2010003539,1,2015/11/18,300058
684,-200,5.4028,2010003546,1,2015/11/18,601688
685,-1500,19.4025,2010003570,1,2015/11/18,601158
686,-500,33.163,2010003603,1,2015/11/18,300070
687,-800,32.448,2010003622,1,2015/11/18,002399
688,-2800,74.7292,2010004250,1,2015/11/18,600998
689,-3300,18.7473,2010004625,1,2015/11/18,601258
690,-700,14.4781,2010005062,1,2015/11/18,601800
691,-900,13.4784,2010009693,1,2015/11/18,000166
692,-100,2.1034,2010000059,1,2015/11/19,600074
693,-100,3.3787,2010000171,1,2015/11/19,600196
694,-400,5.3352,2010000326,1,2015/11/19,600369
695,-100,2.0852,2010000336,1,2015/11/19,600380
696,-300,3.9312,2010000851,1,2015/11/19,601099
697,-500,8.2745,2010001278,1,2015/11/19,000783
698,-100,1.8564,2010001447,1,2015/11/19,002004
699,-100,6.643,2010001626,1,2015/11/19,002183
700,-200,6.3102,2010003291,1,2015/11/19,601788
701,-200,5.33,2010003546,1,2015/11/19,601688
702,-100,4.108,2010003622,1,2015/11/19,002399
703,-1100,17.1743,2010004185,1,2015/11/19,601377
704,-400,9.1468,2010000059,1,2015/11/20,600074
705,-100,3.2383,2010000156,1,2015/11/20,600180
706,-100,3.3345,2010000171,1,2015/11/20,600196
707,-400,8.0132,2010000336,1,2015/11/20,600380
708,-1200,23.1972,2010000393,1,2015/11/20,600466
709,-200,3.7414,2010001447,1,2015/11/20,002004
710,-300,19.2504,2010001626,1,2015/11/20,002183
711,-100,5.2975,2010003325,1,2015/11/20,300003
712,-1300,27.9019,2010003539,1,2015/11/20,300058
713,-500,6.5845,2010003570,1,2015/11/20,601158
714,-200,8.1796,2010003622,1,2015/11/20,002399
715,-2400,13.728,2010004625,1,2015/11/20,601258
716,-2600,58.9472,2010000059,1,2015/11/23,600074
717,-100,2.5792,2010000089,1,2015/11/23,600104
718,500,3.759,2010000156,1,2015/11/19,600180
719,400,3.0072,2010000156,1,2015/11/23,600180
720,100,1.1997,2010000279,1,2015/11/19,600315
721,300,0.9342,2010000326,1,2015/11/18,600369
722,600,1.8684,2010000326,1,2015/11/20,600369
723,200,0.6228,2010000326,1,2015/11/23,600369
724,900,4.1202,2010000336,1,2015/11/23,600380
725,300,4.5153,2010000381,1,2015/11/20,600446
726,-100,6.5221,2010000381,1,2015/11/23,600446
727,1200,5.4252,2010000393,1,2015/11/23,600466
728,400,2.004,2010000748,1,2015/11/20,600837
729,200,1.002,2010000748,1,2015/11/23,600837
730,600,1.8324,2010000851,1,2015/11/18,601099
731,1100,3.3594,2010000851,1,2015/11/20,601099
732,500,1.527,2010000851,1,2015/11/23,601099
733,500,1.7595,2010001083,1,2015/11/19,000540
734,200,0.7038,2010001083,1,2015/11/20,000540
735,1300,4.5747,2010001083,1,2015/11/23,000540
736,700,2.688,2010001278,1,2015/11/20,000783
737,400,1.536,2010001278,1,2015/11/23,000783
738,200,1.5168,2010001333,1,2015/11/20,000858
739,200,1.5168,2010001333,1,2015/11/23,000858
740,-500,9.321,2010001447,1,2015/11/23,002004
741,100,1.4931,2010001626,1,2015/11/23,002183
742,300,0.5994,2010003287,1,2015/11/19,601668
743,400,0.7992,2010003287,1,2015/11/20,601668
744,-200,1.7316,2010003287,1,2015/11/23,601668
745,100,0.7482,2010003291,1,2015/11/18,601788
746,300,2.2446,2010003291,1,2015/11/20,601788
747,-200,10.5456,2010003325,1,2015/11/23,300003
748,-500,10.712,2010003539,1,2015/11/23,300058
749,200,1.242,2010003546,1,2015/11/20,601688
750,200,1.242,2010003546,1,2015/11/23,601688
751,100,0.3015,2010003570,1,2015/11/19,601158
752,-600,7.839,2010003570,1,2015/11/23,601158
753,-100,6.669,2010003603,1,2015/11/23,300070
754,-100,4.1574,2010003622,1,2015/11/23,002399
755,300,1.0818,2010004185,1,2015/11/18,601377
756,1000,3.606,2010004185,1,2015/11/20,601377
757,600,3.5766,2010004250,1,2015/11/19,600998
758,300,1.7883,2010004250,1,2015/11/23,600998
759,1100,1.4454,2010004625,1,2015/11/19,601258
760,700,0.9198,2010004625,1,2015/11/23,601258
761,-900,18.7785,2010005062,1,2015/11/23,601800
762,500,1.749,2010009693,1,2015/11/20,000166
763,-300,4.5474,2010009693,1,2015/11/23,000166
764,200,1.1904,2010000089,1,2015/11/19,600104
765,-400,9.2508,2010000059,1,2015/11/24,600074
766,-500,12.948,2010000089,1,2015/11/24,600104
767,-500,16.9585,2010000156,1,2015/11/24,600180
768,-300,10.14,2010000171,1,2015/11/24,600196
769,-300,15.5961,2010000279,1,2015/11/24,600315
770,-2100,28.5012,2010000326,1,2015/11/24,600369
771,-400,8.1484,2010000336,1,2015/11/24,600380
772,-300,21.5241,2010000381,1,2015/11/24,600446
773,-1000,19.981,2010000393,1,2015/11/24,600466
774,-900,19.6794,2010000748,1,2015/11/24,600837
775,-2400,31.7616,2010000851,1,2015/11/24,601099
776,-400,4.992,2010000855,1,2015/11/24,601169
777,-1800,27.261,2010001083,1,2015/11/24,000540
778,-700,28.8561,2010001228,1,2015/11/24,000712
779,-1700,28.5974,2010001278,1,2015/11/24,000783
780,-200,6.5858,2010001333,1,2015/11/24,000858
781,-700,13.6409,2010001447,1,2015/11/24,002004
782,-200,13.0468,2010001626,1,2015/11/24,002183
783,-900,7.8039,2010003287,1,2015/11/24,601668
784,-1100,36.1361,2010003291,1,2015/11/24,601788
785,-200,11.1878,2010003325,1,2015/11/24,300003
786,-700,15.2061,2010003539,1,2015/11/24,300058
787,-1100,29.9442,2010003546,1,2015/11/24,601688
788,-800,10.4728,2010003570,1,2015/11/24,601158
789,-300,20.787,2010003603,1,2015/11/24,300070
790,-600,25.2564,2010003622,1,2015/11/24,002399
791,-1200,18.7512,2010004185,1,2015/11/24,601377
792,-300,7.9131,2010004250,1,2015/11/24,600998
793,-2000,11.362,2010004625,1,2015/11/24,601258
794,-400,8.242,2010005062,1,2015/11/24,601800
795,-1900,28.7755,2010009693,1,2015/11/24,000166
796,-200,4.524,2010000059,1,2015/11/25,600074
797,-400,14.2636,2010000156,1,2015/11/25,600180
798,-100,3.3475,2010000171,1,2015/11/25,600196
799,-400,7.9508,2010000336,1,2015/11/25,600380
800,-700,48.2482,2010000381,1,2015/11/25,600446
801,-200,4.082,2010000393,1,2015/11/25,600466
802,-1000,18.889,2010001447,1,2015/11/25,002004
803,-500,27.7875,2010003325,1,2015/11/25,300003
804,-200,13.507,2010003603,1,2015/11/25,300070
805,-100,2.5935,2010004250,1,2015/11/25,600998
806,-1000,34.086,2010000156,1,2015/11/26,600180
807,-400,20.8572,2010000279,1,2015/11/26,600315
808,-800,14.7056,2010000393,1,2015/11/26,600466
809,-500,31.8175,2010001626,1,2015/11/26,002183
810,-800,4.16,2010004625,1,2015/11/26,601258
811,-100,1.3624,2010009693,1,2015/11/26,000166
812,400,1.8624,2010000059,1,2015/11/26,600074
813,100,1.2069,2010000279,1,2015/11/25,600315
814,200,0.552,2010000326,1,2015/11/25,600369
815,600,1.656,2010000326,1,2015/11/26,600369
816,500,2.0355,2010000336,1,2015/11/26,600380
817,200,2.814,2010000381,1,2015/11/26,600446
818,100,0.4566,2010000748,1,2015/11/25,600837
819,600,1.638,2010000851,1,2015/11/25,601099
820,200,0.546,2010000851,1,2015/11/26,601099
821,700,2.1273,2010001083,1,2015/11/25,000540
822,500,1.5195,2010001083,1,2015/11/26,000540
823,100,0.8286,2010001228,1,2015/11/25,000712
824,100,0.8286,2010001228,1,2015/11/26,000712
825,300,1.0377,2010001278,1,2015/11/26,000783
826,100,0.7209,2010001333,1,2015/11/25,000858
827,700,2.814,2010001447,1,2015/11/26,002004
828,800,1.488,2010003287,1,2015/11/25,601668
829,100,0.186,2010003287,1,2015/11/26,601668
830,100,0.6705,2010003291,1,2015/11/26,601788
831,-21800,529.1078,2010003546,1,2015/11/27,601688
832,400,1.0764,2010003570,1,2015/11/25,601158
833,200,0.5382,2010003570,1,2015/11/26,601158
834,100,0.8934,2010003622,1,2015/11/26,002399
835,400,1.2756,2010004185,1,2015/11/25,601377
836,400,1.2756,2010004185,1,2015/11/26,601377
837,100,0.5337,2010004250,1,2015/11/26,600998
838,1600,1.8912,2010004625,1,2015/11/25,601258
839,700,2.8812,2010005062,1,2015/11/25,601800
840,200,0.8232,2010005062,1,2015/11/26,601800
841,500,1.5615,2010009693,1,2015/11/25,000166
842,100,0.5739,2010000089,1,2015/11/25,600104
843,800,2.2248,2010000855,1,2015/11/25,601169
844,100,0.2781,2010000855,1,2015/11/26,601169
845,300,1.3005,2010003539,1,2015/11/26,300058
846,100,1.5006,2010003603,1,2015/11/26,300070
847,-44300,535.0111,2010000326,1,2015/11/30,600369
848,-29700,529.3431,2010000336,1,2015/11/30,600380
849,-27100,533.0299,2010000748,1,2015/11/30,600837
850,-45100,528.8426,2010000851,1,2015/11/30,601099
851,-68600,572.5356,2010003287,1,2015/11/30,601668
852,-18200,531.8768,2010003291,1,2015/11/30,601788
853,-38400,531.648,2010004185,1,2015/11/30,601377
854,-103800,535.7118,2010004625,1,2015/11/30,601258
855,-39100,524.5656,2010009693,1,2015/11/30,000166
856,8700,39.2697,2010000059,1,2015/11/27,600074
857,6200,27.8442,2010000059,1,2015/11/30,600074
858,1200,5.3892,2010000059,1,2015/12/01,600074
859,23600,142.5576,2010000089,1,2015/11/10,600104
860,6800,41.8152,2010000089,1,2015/11/27,600104
861,3600,22.2804,2010000089,1,2015/11/30,600104
862,-500,13.4095,2010000089,1,2015/12/01,600104
863,4900,39.1044,2010000156,1,2015/11/27,600180
864,1700,13.4844,2010000156,1,2015/11/30,600180
865,-300,10.3116,2010000156,1,2015/12/01,600180
866,5500,41.205,2010000171,1,2015/11/27,600196
867,3300,24.9084,2010000171,1,2015/11/30,600196
868,-200,6.5416,2010000171,1,2015/12/01,600196
869,3000,36.342,2010000279,1,2015/11/27,600315
870,1800,21.8214,2010000279,1,2015/11/30,600315
871,100,1.2123,2010000279,1,2015/12/01,600315
872,3200,44.511,2010000381,1,2015/11/27,600446
873,1800,25.0182,2010000381,1,2015/11/30,600446
874,-100,6.0229,2010000381,1,2015/12/01,600446
875,10900,44.3445,2010000393,1,2015/11/27,600466
876,5900,23.8773,2010000393,1,2015/11/30,600466
877,-200,3.5074,2010000393,1,2015/12/01,600466
878,47200,141.5406,2010000855,1,2015/11/23,601169
879,14000,42.6195,2010000855,1,2015/11/27,601169
880,7000,21.378,2010000855,1,2015/11/30,601169
881,400,1.2216,2010000855,1,2015/12/01,601169
882,15000,48.033,2010001083,1,2015/11/27,000540
883,8200,26.3958,2010001083,1,2015/11/30,000540
884,-2700,37.6623,2010001083,1,2015/12/01,000540
885,5600,48.0216,2010001228,1,2015/11/27,000712
886,2900,24.969,2010001228,1,2015/11/30,000712
887,500,4.305,2010001228,1,2015/12/01,000712
888,13600,49.2537,2010001278,1,2015/11/27,000783
889,6000,21.888,2010001278,1,2015/11/30,000783
890,500,1.824,2010001278,1,2015/12/01,000783
891,5200,39.6153,2010001333,1,2015/11/27,000858
892,3300,25.4232,2010001333,1,2015/11/30,000858
893,-600,20.0304,2010001333,1,2015/12/01,000858
894,10900,44.7108,2010001447,1,2015/11/27,002004
895,5400,22.2102,2010001447,1,2015/11/30,002004
896,-2400,42.7752,2010001447,1,2015/12/01,002004
897,2900,36.7728,2010001626,1,2015/11/27,002183
898,2900,36.366,2010001626,1,2015/11/30,002183
899,3000,36.3096,2010003325,1,2015/11/27,300003
900,1700,20.4663,2010003325,1,2015/11/30,300003
901,43500,184.005,2010003349,1,2015/12/01,002303
902,30300,137.4459,2010003539,1,2015/11/17,300058
903,10600,44.961,2010003539,1,2015/11/27,300058
904,5800,24.5688,2010003539,1,2015/11/30,300058
905,16200,44.5602,2010003570,1,2015/11/27,601158
906,8400,23.184,2010003570,1,2015/12/01,601158
907,9700,145.8702,2010003603,1,2015/11/11,300070
908,2700,40.1106,2010003603,1,2015/11/27,300070
909,1300,19.305,2010003603,1,2015/11/30,300070
910,4500,40.602,2010003622,1,2015/11/27,002399
911,2700,24.4053,2010003622,1,2015/11/30,002399
912,-300,11.7507,2010003622,1,2015/12/01,002399
913,8000,43.3191,2010004250,1,2015/11/27,600998
914,14900,223.3143,2010005044,1,2015/11/27,300288
915,400,6.0372,2010005044,1,2015/11/30,300288
916,10900,47.8644,2010005062,1,2015/11/27,601800
917,6500,28.704,2010005062,1,2015/11/30,601800
918,-900,17.2224,2010005062,1,2015/12/01,601800
919,458100,1295.9649,2010000477,1,2015/08/24,600565
920,-5000,100.165,2010000059,1,2015/12/02,600074
921,-5800,159.3956,2010000089,1,2015/12/02,600104
922,-1800,62.7354,2010000156,1,2015/12/02,600180
923,-4000,131.976,2010000171,1,2015/12/02,600196
924,-2100,110.2647,2010000279,1,2015/12/02,600315
925,-1300,81.7115,2010000381,1,2015/12/02,600446
926,-4300,76.8066,2010000393,1,2015/12/02,600466
927,-549600,7009.0488,2010000477,1,2015/12/02,600565
928,-14400,191.5056,2010000855,1,2015/12/02,601169
929,-8300,116.532,2010001083,1,2015/12/02,000540
930,-4100,152.438,2010001228,1,2015/12/02,000712
931,-9900,156.6279,2010001278,1,2015/12/02,000783
932,-4200,139.8306,2010001333,1,2015/12/02,000858
933,-4500,82.368,2010001447,1,2015/12/02,002004
934,-1000,55.484,2010001626,1,2015/12/02,002183
935,-1500,78.0975,2010003325,1,2015/12/02,300003
936,-4000,75.972,2010003349,1,2015/12/02,002303
937,-4600,86.1718,2010003539,1,2015/12/02,300058
938,-9500,114.361,2010003570,1,2015/12/02,601158
939,-1400,92.82,2010003603,1,2015/12/02,300070
940,-2600,103.5632,2010003622,1,2015/12/02,002399
941,-4200,302.1564,2010005044,1,2015/12/02,300288
942,-7600,144.0504,2010005062,1,2015/12/02,601800
943,-1200,24.18,2010000059,1,2015/12/03,600074
944,-800,21.4656,2010000089,1,2015/12/03,600104
945,-400,13.364,2010000156,1,2015/12/03,600180
946,-300,9.7578,2010000171,1,2015/12/03,600196
947,-600,36.4884,2010000381,1,2015/12/03,600446
948,-900,15.7482,2010000393,1,2015/12/03,600466
949,-2600,34.5098,2010000477,1,2015/12/03,600565
950,-500,6.474,2010000855,1,2015/12/03,601169
951,-600,8.1822,2010001083,1,2015/12/03,000540
952,-200,3.0992,2010001278,1,2015/12/03,000783
953,-1200,22.2768,2010001447,1,2015/12/03,002004
954,-400,21.5124,2010001626,1,2015/12/03,002183
955,-1500,27.8265,2010003349,1,2015/12/03,002303
956,-1000,18.811,2010003539,1,2015/12/03,300058
957,-700,8.2628,2010003570,1,2015/12/03,601158
958,-400,26.0416,2010003603,1,2015/12/03,300070
959,-400,15.964,2010003622,1,2015/12/03,002399
960,-400,9.4952,2010004250,1,2015/12/03,600998
961,-1000,79.131,2010005044,1,2015/12/03,300288
962,-500,10.075,2010000059,1,2015/12/04,600074
963,300,1.8576,2010000089,1,2015/12/04,600104
964,600,4.608,2010000156,1,2015/12/04,600180
965,200,2.8338,2010000381,1,2015/12/04,600446
966,300,1.2321,2010000393,1,2015/12/04,600466
967,-2700,36.855,2010000477,1,2015/12/04,600565
968,800,2.4024,2010000855,1,2015/12/04,601169
969,-500,8.1445,2010001017,1,2015/12/04,000402
970,1000,3.114,2010001083,1,2015/12/04,000540
971,300,2.484,2010001228,1,2015/12/04,000712
972,400,1.4256,2010001278,1,2015/12/04,000783
973,-900,16.6725,2010001447,1,2015/12/04,002004
974,200,2.565,2010001626,1,2015/12/04,002183
975,200,2.343,2010003325,1,2015/12/04,300003
976,400,1.7124,2010003349,1,2015/12/04,002303
977,-500,9.5095,2010003539,1,2015/12/04,300058
978,500,1.371,2010003570,1,2015/12/04,601158
979,-200,8.19,2010003622,1,2015/12/04,002399
980,-200,4.7736,2010004250,1,2015/12/04,600998
981,-1000,77.493,2010005044,1,2015/12/04,300288
982,900,3.8043,2010005062,1,2015/12/04,601800
983,44300,166.7289,2010001017,1,2015/12/03,000402
984,-600,19.968,2010000171,1,2015/12/07,600196
985,-400,6.76,2010000393,1,2015/12/07,600466
986,-1200,15.4596,2010000477,1,2015/12/07,600565
987,-100,3.2305,2010001333,1,2015/12/07,000858
988,-300,16.4034,2010001626,1,2015/12/07,002183
989,-300,5.4249,2010003539,1,2015/12/07,300058
990,-300,11.9184,2010003622,1,2015/12/07,002399
991,3300,14.8698,2010000059,1,2015/12/08,600074
992,200,1.2588,2010000089,1,2015/12/07,600104
993,2400,15.1056,2010000089,1,2015/12/08,600104
994,200,1.5114,2010000156,1,2015/12/07,600180
995,700,5.2899,2010000156,1,2015/12/08,600180
996,1500,11.394,2010000171,1,2015/12/08,600196
997,200,2.3454,2010000279,1,2015/12/07,600315
998,1200,14.0724,2010000279,1,2015/12/08,600315
999,4000,12.18,2010000855,1,2015/12/08,601169
1000,200,0.714,2010001017,1,2015/12/07,000402
1001,800,2.3976,2010001083,1,2015/12/07,000540
1002,200,1.665,2010001228,1,2015/12/07,000712
1003,1200,9.99,2010001228,1,2015/12/08,000712
1004,400,1.3956,2010001278,1,2015/12/07,000783
1005,3500,12.2115,2010001278,1,2015/12/08,000783
1006,1900,14.1759,2010001333,1,2015/12/08,000858
1007,100,0.4275,2010001447,1,2015/12/07,002004
1008,2000,8.55,2010001447,1,2015/12/08,002004
1009,900,10.9836,2010001626,1,2015/12/08,002183
1010,900,10.5435,2010003325,1,2015/12/08,300003
1011,200,0.7896,2010003349,1,2015/12/07,002303
1012,4300,11.4165,2010003570,1,2015/12/08,601158
1013,600,8.919,2010003603,1,2015/12/08,300070
1014,1500,13.5405,2010003622,1,2015/12/08,002399
1015,-30100,685.5576,2010004250,1,2015/12/08,600998
1016,100,1.7085,2010005044,1,2015/12/07,300288
1017,400,6.834,2010005044,1,2015/12/08,300288
1018,300,1.2132,2010005062,1,2015/12/07,601800
1019,1300,17.1522,2010000381,1,2015/12/08,600446
1020,6300,18.9567,2010000477,1,2015/12/08,600565
1021,5800,20.706,2010001017,1,2015/12/08,000402
1022,5500,16.4835,2010001083,1,2015/12/08,000540
1023,4700,18.5556,2010003349,1,2015/12/08,002303
1024,4300,17.5569,2010003539,1,2015/12/08,300058
1025,-100,1.9383,2010000059,1,2015/12/09,600074
1026,-1400,37.5648,2010000089,1,2015/12/09,600104
1027,-300,15.3699,2010000279,1,2015/12/09,600315
1028,-40300,749.177,2010000393,1,2015/12/08,600466
1029,-900,11.3724,2010000477,1,2015/12/09,600565
1030,-1500,81.7245,2010000577,1,2015/12/09,600666
1031,-1700,22.2326,2010000855,1,2015/12/09,601169
1032,-900,13.2327,2010001017,1,2015/12/09,000402
1033,-400,5.2312,2010001083,1,2015/12/09,000540
1034,-100,3.5516,2010001228,1,2015/12/09,000712
1035,-100,3.1876,2010001333,1,2015/12/09,000858
1036,-13800,759.4002,2010001626,1,2015/12/09,002183
1037,-100,5.0674,2010003325,1,2015/12/09,300003
1038,2300,10.1568,2010000059,1,2015/12/10,600074
1039,1900,11.6337,2010000089,1,2015/12/10,600104
1040,800,5.9112,2010000156,1,2015/12/09,600180
1041,1100,8.1279,2010000156,1,2015/12/10,600180
1042,600,7.0416,2010000279,1,2015/12/10,600315
1043,200,2.6994,2010000381,1,2015/12/09,600446
1044,200,2.6994,2010000381,1,2015/12/10,600446
1045,4900,13.8327,2010000477,1,2015/12/10,600565
1046,16800,208.32,2010000577,1,2015/12/08,600666
1047,-600,32.7444,2010000577,1,2015/12/10,600666
1048,3500,10.6575,2010000855,1,2015/12/10,601169
1049,5200,17.8308,2010001017,1,2015/12/10,000402
1050,2600,8.6346,2010001083,1,2015/12/10,000540
1051,1400,11.4072,2010001228,1,2015/12/10,000712
1052,2200,7.887,2010001278,1,2015/12/10,000783
1053,1500,11.07,2010001333,1,2015/12/10,000858
1054,100,0.4317,2010001447,1,2015/12/09,002004
1055,700,3.0219,2010001447,1,2015/12/10,002004
1056,800,9.0552,2010003325,1,2015/12/10,300003
1057,800,3.3552,2010003349,1,2015/12/09,002303
1058,2300,9.6462,2010003349,1,2015/12/10,002303
1059,600,2.43,2010003539,1,2015/12/09,300058
1060,2100,8.505,2010003539,1,2015/12/10,300058
1061,900,2.4246,2010003570,1,2015/12/09,601158
1062,3400,9.1596,2010003570,1,2015/12/10,601158
1063,200,2.916,2010003603,1,2015/12/09,300070
1064,600,8.748,2010003603,1,2015/12/10,300070
1065,200,2.0274,2010003622,1,2015/12/09,002399
1066,-800,35.1416,2010003622,1,2015/12/10,002399
1067,600,9.369,2010005044,1,2015/12/09,300288
1068,600,9.369,2010005044,1,2015/12/10,300288
1069,3900,15.5493,2010005062,1,2015/12/09,601800
1070,-100,5.3729,2010000577,1,2015/12/11,600666
1071,-500,6.747,2010000855,1,2015/12/11,601169
1072,-600,9.0168,2010001017,1,2015/12/11,000402
1073,-5500,76.8625,2010001083,1,2015/12/11,000540
1074,-900,15.2334,2010001278,1,2015/12/11,000783
1075,-2600,46.6778,2010003349,1,2015/12/11,002303
1076,-900,10.6119,2010003570,1,2015/12/11,601158
1077,-400,17.732,2010003622,1,2015/12/11,002399
1078,-43000,775.333,2010005062,1,2015/12/11,601800
1079,500,2.4525,2010000059,1,2015/12/11,600074
1080,200,0.981,2010000059,1,2015/12/14,600074
1081,300,1.8504,2010000089,1,2015/12/11,600104
1082,700,5.3151,2010000156,1,2015/12/11,600180
1083,400,3.0372,2010000156,1,2015/12/14,600180
1084,100,0.7164,2010000171,1,2015/12/09,600196
1085,1300,9.3132,2010000171,1,2015/12/10,600196
1086,1300,9.3132,2010000171,1,2015/12/14,600196
1087,100,1.1643,2010000279,1,2015/12/11,600315
1088,300,3.4929,2010000279,1,2015/12/14,600315
1089,100,1.377,2010000381,1,2015/12/11,600446
1090,2000,6.03,2010000477,1,2015/12/11,600565
1091,-900,11.7585,2010000477,1,2015/12/14,600565
1092,400,5.4156,2010000577,1,2015/12/14,600666
1093,-500,6.604,2010000855,1,2015/12/14,601169
1094,100,0.3495,2010001017,1,2015/12/14,000402
1095,2400,7.7544,2010001083,1,2015/12/14,000540
1096,100,0.84,2010001228,1,2015/12/11,000712
1097,-900,32.76,2010001228,1,2015/12/14,000712
1098,-3500,56.9205,2010001278,1,2015/12/14,000783
1099,1000,4.383,2010001447,1,2015/12/11,002004
1100,200,0.8766,2010001447,1,2015/12/14,002004
1101,400,4.6296,2010003325,1,2015/12/11,300003
1102,1100,4.5606,2010003349,1,2015/12/14,002303
1103,500,2.1435,2010003539,1,2015/12/11,300058
1104,-500,9.2885,2010003539,1,2015/12/14,300058
1105,300,0.8199,2010003570,1,2015/12/14,601158
1106,200,3.2346,2010003603,1,2015/12/11,300070
1107,100,1.6173,2010003603,1,2015/12/14,300070
1108,900,14.5314,2010005044,1,2015/12/11,300288
1109,-100,6.9966,2010005044,1,2015/12/14,300288
1110,-3200,69.3472,2010000059,1,2015/12/15,600074
1111,-300,9.672,2010000156,1,2015/12/15,600180
1112,-1400,19.6014,2010000477,1,2015/12/15,600565
1113,-1000,60.164,2010000577,1,2015/12/15,600666
1114,-600,11.4192,2010003539,1,2015/12/15,300058
1115,-900,64.6308,2010003603,1,2015/12/15,300070
1116,-600,13.4628,2010000059,1,2015/12/16,600074
1117,600,3.717,2010000089,1,2015/12/15,600104
1118,300,1.8585,2010000089,1,2015/12/16,600104
1119,500,3.801,2010000156,1,2015/12/16,600180
1120,800,5.8128,2010000171,1,2015/12/15,600196
1121,100,0.7266,2010000171,1,2015/12/16,600196
1122,300,3.5019,2010000279,1,2015/12/15,600315
1123,100,1.1673,2010000279,1,2015/12/16,600315
1124,100,1.4187,2010000381,1,2015/12/15,600446
1125,200,2.8374,2010000381,1,2015/12/16,600446
1126,-3900,57.3417,2010000477,1,2015/12/16,600565
1127,-300,19.0047,2010000577,1,2015/12/16,600666
1128,2000,6.102,2010000855,1,2015/12/15,601169
1129,1100,3.3561,2010000855,1,2015/12/16,601169
1130,300,1.1412,2010001017,1,2015/12/15,000402
1131,800,3.0432,2010001017,1,2015/12/16,000402
1132,600,1.9368,2010001083,1,2015/12/15,000540
1133,1900,6.1332,2010001083,1,2015/12/16,000540
1134,800,6.8448,2010001228,1,2015/12/15,000712
1135,2500,9.48,2010001278,1,2015/12/15,000783
1136,400,1.5168,2010001278,1,2015/12/16,000783
1137,100,0.7662,2010001333,1,2015/12/15,000858
1138,300,2.2986,2010001333,1,2015/12/16,000858
1139,400,1.8492,2010001447,1,2015/12/15,002004
1140,-400,8.0132,2010001447,1,2015/12/16,002004
1141,100,1.1862,2010003325,1,2015/12/15,300003
1142,100,1.1862,2010003325,1,2015/12/16,300003
1143,500,2.148,2010003349,1,2015/12/15,002303
1144,400,1.7184,2010003349,1,2015/12/16,002303
1145,-900,17.6787,2010003539,1,2015/12/16,300058
1146,600,1.6524,2010003570,1,2015/12/15,601158
1147,800,2.2032,2010003570,1,2015/12/16,601158
1148,100,1.0452,2010003622,1,2015/12/15,002399
1149,200,3.5292,2010005044,1,2015/12/16,300288
1150,-1800,39.2652,2010000059,1,2015/12/17,600074
1151,-600,16.146,2010000089,1,2015/12/17,600104
1152,-800,25.9376,2010000156,1,2015/12/17,600180
1153,-700,21.8309,2010000171,1,2015/12/17,600196
1154,-600,35.997,2010000381,1,2015/12/17,600446
1155,-3600,52.6032,2010000477,1,2015/12/17,600565
1156,-900,56.3472,2010000577,1,2015/12/17,600666
1157,-1700,22.6083,2010000855,1,2015/12/17,601169
1158,-5600,90.1992,2010001017,1,2015/12/17,000402
1159,-2300,31.7538,2010001083,1,2015/12/17,000540
1160,-500,19.162,2010001228,1,2015/12/17,000712
1161,-1300,21.1588,2010001278,1,2015/12/17,000783
1162,-900,30.3615,2010001333,1,2015/12/17,000858
1163,-2200,43.186,2010001447,1,2015/12/17,002004
1164,-500,25.6815,2010003325,1,2015/12/17,300003
1165,-2300,41.8002,2010003349,1,2015/12/17,002303
1166,-2000,23.79,2010003570,1,2015/12/17,601158
1167,-300,13.5213,2010003622,1,2015/12/17,002399
1168,-1200,98.28,2010005044,1,2015/12/17,300288
1169,-600,12.714,2010000059,1,2015/12/18,600074
1170,-1400,39.312,2010000089,1,2015/12/18,600104
1171,-700,22.0584,2010000156,1,2015/12/18,600180
1172,-900,28.7118,2010000171,1,2015/12/18,600196
1173,-300,15.9549,2010000279,1,2015/12/17,600315
1174,-300,17.6826,2010000381,1,2015/12/18,600446
1175,-2200,33.0902,2010000477,1,2015/12/18,600565
1176,-400,25.012,2010000577,1,2015/12/18,600666
1177,-3000,40.872,2010000855,1,2015/12/18,601169
1178,-1100,19.4909,2010001017,1,2015/12/18,000402
1179,-1900,27.0712,2010001083,1,2015/12/18,000540
1180,-1700,65.7033,2010001228,1,2015/12/18,000712
1181,-1800,29.6478,2010001278,1,2015/12/18,000783
1182,-1400,50.3958,2010001333,1,2015/12/18,000858
1183,-1000,19.851,2010001447,1,2015/12/18,002004
1184,-700,36.4,2010003325,1,2015/12/18,300003
1185,-900,16.1811,2010003349,1,2015/12/18,002303
1186,-2000,38.532,2010003539,1,2015/12/17,300058
1187,-2800,34.3616,2010003570,1,2015/12/18,601158
1188,-700,32.1048,2010003622,1,2015/12/18,002399
1189,-1100,96.811,2010005044,1,2015/12/18,300288
1190,29500,202.7535,2010000650,1,2015/12/17,600739
1191,64700,183.4245,2010000996,1,2015/12/18,000069
1192,169800,175.743,2010001225,1,2015/12/18,000709
1193,-1800,50.427,2010000089,1,2015/12/21,600104
1194,-1000,31.564,2010000171,1,2015/12/21,600196
1195,-1700,89.726,2010000279,1,2015/12/21,600315
1196,-2600,38.5996,2010000477,1,2015/12/21,600565
1197,-300,18.525,2010000577,1,2015/12/21,600666
1198,-4100,131.4911,2010000650,1,2015/12/21,600739
1199,-2600,35.1182,2010000855,1,2015/12/21,601169
1200,-3100,38.0029,2010000996,1,2015/12/21,000069
1201,-5300,93.7729,2010001017,1,2015/12/21,000402
1202,-2900,41.093,2010001083,1,2015/12/21,000540
1203,-1200,5.3664,2010001225,1,2015/12/21,000709
1204,-600,23.517,2010001228,1,2015/12/21,000712
1205,-1500,25.467,2010001278,1,2015/12/21,000783
1206,-1900,68.3943,2010001333,1,2015/12/21,000858
1207,-1300,25.3331,2010001447,1,2015/12/21,002004
1208,-500,26.2665,2010003325,1,2015/12/21,300003
1209,-500,9.178,2010003349,1,2015/12/21,002303
1210,-1900,36.1361,2010003539,1,2015/12/21,300058
1211,-3300,40.2831,2010003570,1,2015/12/21,601158
1212,-700,31.8045,2010003622,1,2015/12/21,002399
1213,-900,76.635,2010005044,1,2015/12/21,300288
1214,-500,10.478,2010000059,1,2015/12/22,600074
1215,-400,23.8472,2010000381,1,2015/12/22,600446
1216,-1700,53.1726,2010000650,1,2015/12/22,600739
1217,-200,7.8338,2010001228,1,2015/12/22,000712
1218,-1300,22.0545,2010001278,1,2015/12/22,000783
1219,-100,5.148,2010003325,1,2015/12/22,300003
1220,-800,14.196,2010003349,1,2015/12/22,002303
1221,100,0.4749,2010000059,1,2015/12/21,600074
1222,-500,10.2895,2010000059,1,2015/12/23,600074
1223,-1500,42.471,2010000089,1,2015/12/23,600104
1224,200,1.4016,2010000156,1,2015/12/22,600180
1225,-800,24.2944,2010000156,1,2015/12/23,600180
1226,200,1.4292,2010000171,1,2015/12/22,600196
1227,-800,24.7728,2010000171,1,2015/12/23,600196
1228,-600,31.629,2010000279,1,2015/12/23,600315
1229,-300,17.7099,2010000381,1,2015/12/23,600446
1230,700,2.3646,2010000477,1,2015/12/22,600565
1231,-100,1.4638,2010000477,1,2015/12/23,600565
1232,100,1.3746,2010000577,1,2015/12/22,600666
1233,-300,17.8698,2010000577,1,2015/12/23,600666
1234,-500,15.1255,2010000650,1,2015/12/23,600739
1235,500,1.6485,2010000855,1,2015/12/22,601169
1236,-3000,42.861,2010000855,1,2015/12/23,601169
1237,200,0.5556,2010000996,1,2015/12/22,000069
1238,-3500,42.133,2010000996,1,2015/12/23,000069
1239,100,0.3894,2010001017,1,2015/12/22,000402
1240,-2400,40.4976,2010001017,1,2015/12/23,000402
1241,300,0.9369,2010001083,1,2015/12/22,000540
1242,-1500,20.2995,2010001083,1,2015/12/23,000540
1243,900,0.9072,2010001225,1,2015/12/22,000709
1244,-2700,11.7936,2010001225,1,2015/12/23,000709
1245,-900,34.0704,2010001228,1,2015/12/23,000712
1246,-2000,32.318,2010001278,1,2015/12/23,000783
1247,-800,28.756,2010001333,1,2015/12/23,000858
1248,700,3.0849,2010001447,1,2015/12/22,002004
1249,-1200,22.9164,2010001447,1,2015/12/23,002004
1250,-400,20.618,2010003325,1,2015/12/23,300003
1251,-400,6.9732,2010003349,1,2015/12/23,002303
1252,500,2.1585,2010003539,1,2015/12/22,300058
1253,-1700,31.8019,2010003539,1,2015/12/23,300058
1254,300,0.8532,2010003570,1,2015/12/22,601158
1255,-1900,23.4156,2010003570,1,2015/12/23,601158
1256,100,1.0746,2010003622,1,2015/12/22,002399
1257,-1200,55.8792,2010003622,1,2015/12/23,002399
1258,300,5.7411,2010005044,1,2015/12/22,300288
1259,-500,41.4635,2010005044,1,2015/12/23,300288
1260,100,0.4884,2010000059,1,2015/12/24,600074
1261,-200,5.681,2010000089,1,2015/12/24,600104
1262,200,1.4202,2010000156,1,2015/12/24,600180
1263,-100,3.1122,2010000171,1,2015/12/24,600196
1264,-100,5.3807,2010000279,1,2015/12/24,600315
1265,-900,16.7778,2010000446,1,2015/12/24,600528
1266,-2000,29.64,2010000477,1,2015/12/24,600565
1267,400,2.7912,2010000650,1,2015/12/24,600739
1268,-3000,42.822,2010000855,1,2015/12/24,601169
1269,1000,2.802,2010000996,1,2015/12/24,000069
1270,1900,7.2903,2010001017,1,2015/12/24,000402
1271,900,2.6109,2010001083,1,2015/12/24,000540
1272,-3100,13.4602,2010001225,1,2015/12/24,000709
1273,1500,5.6205,2010001278,1,2015/12/24,000783
1274,-400,14.1024,2010001333,1,2015/12/24,000858
1275,-100,1.9188,2010001447,1,2015/12/24,002004
1276,-200,10.1816,2010003325,1,2015/12/24,300003
1277,100,0.4299,2010003539,1,2015/12/24,300058
1278,-2100,25.6347,2010003570,1,2015/12/24,601158
1279,-200,14.0426,2010003603,1,2015/12/16,300070
1280,200,3.7566,2010005044,1,2015/12/24,300288
1281,38000,163.935,2010000446,1,2015/12/23,600528
1282,-900,19.5039,2010000059,1,2015/12/25,600074
1283,-100,2.7573,2010000089,1,2015/12/25,600104
1284,-300,9.048,2010000156,1,2015/12/25,600180
1285,-100,3.0602,2010000171,1,2015/12/25,600196
1286,-300,15.6156,2010000279,1,2015/12/25,600315
1287,-200,12.6282,2010000381,1,2015/12/25,600446
1288,-700,10.283,2010000477,1,2015/12/25,600565
1289,-200,12.1394,2010000577,1,2015/12/25,600666
1290,-100,1.3585,2010000855,1,2015/12/25,601169
1291,-500,5.8045,2010000996,1,2015/12/25,000069
1292,-200,3.198,2010001278,1,2015/12/25,000783
1293,-300,5.6355,2010001447,1,2015/12/25,002004
1294,-1300,87.4575,2010003603,1,2015/12/25,300070
1295,-200,9.3756,2010003622,1,2015/12/25,002399
1296,-100,2.1736,2010000059,1,2015/12/28,600074
1297,1200,7.6968,2010000089,1,2015/12/28,600104
1298,900,6.156,2010000156,1,2015/12/28,600180
1299,800,5.6448,2010000171,1,2015/12/28,600196
1300,700,8.4483,2010000279,1,2015/12/28,600315
1301,-400,24.6428,2010000381,1,2015/12/28,600446
1302,1100,4.5111,2010000446,1,2015/12/25,600528
1303,2400,9.8424,2010000446,1,2015/12/28,600528
1304,1400,4.9056,2010000477,1,2015/12/28,600565
1305,300,4.3101,2010000577,1,2015/12/28,600666
1306,1400,9.4206,2010000650,1,2015/12/28,600739
1307,3700,11.8659,2010000855,1,2015/12/28,601169
1308,4000,10.716,2010000996,1,2015/12/28,000069
1309,600,2.169,2010001017,1,2015/12/25,000402
1310,2900,10.4835,2010001017,1,2015/12/28,000402
1311,3900,11.0331,2010001083,1,2015/12/25,000540
1312,600,0.5922,2010001225,1,2015/12/25,000709
1313,9900,9.7713,2010001225,1,2015/12/28,000709
1314,1600,5.976,2010001278,1,2015/12/28,000783
1315,300,2.4507,2010001333,1,2015/12/25,000858
1316,1000,8.169,2010001333,1,2015/12/28,000858
1317,1600,6.984,2010001447,1,2015/12/28,002004
1318,100,1.1736,2010003325,1,2015/12/25,300003
1319,200,2.3472,2010003325,1,2015/12/28,300003
1320,200,0.831,2010003349,1,2015/12/28,002303
1321,100,0.459,2010003539,1,2015/12/25,300058
1322,300,1.377,2010003539,1,2015/12/28,300058
1323,400,1.104,2010003570,1,2015/12/25,601158
1324,2800,7.728,2010003570,1,2015/12/28,601158
1325,600,9.423,2010003603,1,2015/12/28,300070
1326,300,3.2121,2010003622,1,2015/12/28,002399
1327,100,1.839,2010005044,1,2015/12/25,300288
1328,600,11.034,2010005044,1,2015/12/28,300288
1329,-100,6.2374,2010000577,1,2015/12/29,600666
1330,-800,11.0552,2010000855,1,2015/12/29,601169
1331,-56700,686.9772,2010001083,1,2015/12/29,000540
1332,-2300,9.9268,2010001225,1,2015/12/29,000709
1333,-100,1.6211,2010001278,1,2015/12/29,000783
1334,-400,14.3312,2010001333,1,2015/12/29,000858
1335,-200,3.666,2010003349,1,2015/12/29,002303
1336,-1600,31.5952,2010003539,1,2015/12/29,300058
1337,100,0.4941,2010000059,1,2015/12/29,600074
1338,-700,14.9877,2010000059,1,2015/12/30,600074
1339,200,1.2732,2010000089,1,2015/12/30,600104
1340,600,3.9744,2010000156,1,2015/12/29,600180
1341,-200,5.7408,2010000156,1,2015/12/30,600180
1342,200,1.4094,2010000171,1,2015/12/29,600196
1343,100,0.7047,2010000171,1,2015/12/30,600196
1344,200,2.3694,2010000279,1,2015/12/30,600315
1345,300,4.4271,2010000381,1,2015/12/29,600446
1346,-600,38.3682,2010000381,1,2015/12/30,600446
1347,700,3.0093,2010000446,1,2015/12/29,600528
1348,500,2.1495,2010000446,1,2015/12/30,600528
1349,200,1.356,2010000650,1,2015/12/29,600739
1350,500,1.5795,2010000855,1,2015/12/30,601169
1351,500,1.32,2010000996,1,2015/12/29,000069
1352,700,1.848,2010000996,1,2015/12/30,000069
1353,1100,3.8049,2010001017,1,2015/12/29,000402
1354,-600,2.5974,2010001225,1,2015/12/30,000709
1355,-100,3.5464,2010001333,1,2015/12/30,000858
1356,200,2.316,2010003325,1,2015/12/29,300003
1357,-500,8.8725,2010003349,1,2015/12/30,002303
1358,400,1.7676,2010003539,1,2015/12/30,300058
1359,200,0.5598,2010003570,1,2015/12/29,601158
1360,300,3.1833,2010003622,1,2015/12/29,002399
