,capital_used,ending_cash,ending_value,orders,period_close,period_open,pnl,portfolio_value,positions,returns,starting_cash,starting_value,transactions
2007-01-04 15:00:00,0.0,16000000.0,0.0,[],2007-01-04 15:00:00+00:00,2007-01-04 09:31:00+00:00,0.0,16000000.0,[],0.0,16000000.0,0.0,[]
2007-01-05 15:00:00,0.0,16000000.0,0.0,[],2007-01-05 15:00:00+00:00,2007-01-05 09:31:00+00:00,0.0,16000000.0,[],0.0,16000000.0,0.0,[]
2007-01-08 15:00:00,0.0,16000000.0,0.0,[],2007-01-08 15:00:00+00:00,2007-01-08 09:31:00+00:00,0.0,16000000.0,[],0.0,16000000.0,0.0,[]
2007-01-09 15:00:00,0.0,16000000.0,0.0,[],2007-01-09 15:00:00+00:00,2007-01-09 09:31:00+00:00,0.0,16000000.0,[],0.0,16000000.0,0.0,[]
2007-01-10 15:00:00,0.0,16000000.0,0.0,[],2007-01-10 15:00:00+00:00,2007-01-10 09:31:00+00:00,0.0,16000000.0,[],0.0,16000000.0,0.0,[]
2007-01-11 15:00:00,0.0,16000000.0,0.0,[],2007-01-11 15:00:00+00:00,2007-01-11 09:31:00+00:00,0.0,16000000.0,[],0.0,16000000.0,0.0,[]
2007-01-12 15:00:00,0.0,16000000.0,0.0,[],2007-01-12 15:00:00+00:00,2007-01-12 09:31:00+00:00,0.0,16000000.0,[],0.0,16000000.0,0.0,[]
2007-01-15 15:00:00,0.0,16000000.0,0.0,[],2007-01-15 15:00:00+00:00,2007-01-15 09:31:00+00:00,0.0,16000000.0,[],0.0,16000000.0,0.0,[]
2007-01-16 15:00:00,0.0,16000000.0,0.0,[],2007-01-16 15:00:00+00:00,2007-01-16 09:31:00+00:00,0.0,16000000.0,[],0.0,16000000.0,0.0,[]
2007-01-17 15:00:00,0.0,16000000.0,0.0,[],2007-01-17 15:00:00+00:00,2007-01-17 09:31:00+00:00,0.0,16000000.0,[],0.0,16000000.0,0.0,[]
2007-01-18 15:00:00,0.0,16000000.0,0.0,[],2007-01-18 15:00:00+00:00,2007-01-18 09:31:00+00:00,0.0,16000000.0,[],0.0,16000000.0,0.0,[]
2007-01-19 15:00:00,0.0,16000000.0,0.0,[],2007-01-19 15:00:00+00:00,2007-01-19 09:31:00+00:00,0.0,16000000.0,[],0.0,16000000.0,0.0,[]
2007-01-22 15:00:00,0.0,16000000.0,0.0,[],2007-01-22 15:00:00+00:00,2007-01-22 09:31:00+00:00,0.0,16000000.0,[],0.0,16000000.0,0.0,[]
2007-01-23 15:00:00,0.0,16000000.0,0.0,[],2007-01-23 15:00:00+00:00,2007-01-23 09:31:00+00:00,0.0,16000000.0,[],0.0,16000000.0,0.0,[]
2007-01-24 15:00:00,0.0,16000000.0,0.0,[],2007-01-24 15:00:00+00:00,2007-01-24 09:31:00+00:00,0.0,16000000.0,[],0.0,16000000.0,0.0,[]
2007-01-25 15:00:00,0.0,16000000.0,0.0,[],2007-01-25 15:00:00+00:00,2007-01-25 09:31:00+00:00,0.0,16000000.0,[],0.0,16000000.0,0.0,[]
2007-01-26 15:00:00,0.0,16000000.0,0.0,[],2007-01-26 15:00:00+00:00,2007-01-26 09:31:00+00:00,0.0,16000000.0,[],0.0,16000000.0,0.0,[]
2007-01-29 15:00:00,0.0,16000000.0,0.0,[],2007-01-29 15:00:00+00:00,2007-01-29 09:31:00+00:00,0.0,16000000.0,[],0.0,16000000.0,0.0,[]
2007-01-30 15:00:00,0.0,16000000.0,0.0,[],2007-01-30 15:00:00+00:00,2007-01-30 09:31:00+00:00,0.0,16000000.0,[],0.0,16000000.0,0.0,[]
2007-01-31 15:00:00,0.0,16000000.0,0.0,[],2007-01-31 15:00:00+00:00,2007-01-31 09:31:00+00:00,0.0,16000000.0,[],0.0,16000000.0,0.0,[]
2007-02-01 15:00:00,0.0,16000000.0,0.0,[],2007-02-01 15:00:00+00:00,2007-02-01 09:31:00+00:00,0.0,16000000.0,[],0.0,16000000.0,0.0,[]
2007-02-02 15:00:00,0.0,16000000.0,0.0,[],2007-02-02 15:00:00+00:00,2007-02-02 09:31:00+00:00,0.0,16000000.0,[],0.0,16000000.0,0.0,[]
2007-02-05 15:00:00,0.0,16000000.0,0.0,[],2007-02-05 15:00:00+00:00,2007-02-05 09:31:00+00:00,0.0,16000000.0,[],0.0,16000000.0,0.0,[]
2007-02-06 15:00:00,0.0,16000000.0,0.0,[],2007-02-06 15:00:00+00:00,2007-02-06 09:31:00+00:00,0.0,16000000.0,[],0.0,16000000.0,0.0,[]
2007-02-07 15:00:00,0.0,16000000.0,0.0,[],2007-02-07 15:00:00+00:00,2007-02-07 09:31:00+00:00,0.0,16000000.0,[],0.0,16000000.0,0.0,[]
2007-02-08 15:00:00,0.0,16000000.0,0.0,"[{'status': 0, 'created': datetime.datetime(2007, 2, 8, 0, 0, tzinfo=<UTC>), 'limit_reached': False, 'stop': None, 'stop_reached': False, 'commission': None, 'amount': 890800, 'limit': None, 'sid': '2010000094', 'dt': datetime.datetime(2007, 2, 8, 0, 0, tzinfo=<UTC>), 'id': '969aca3290954a338871c64e8729985a', 'filled': 0}]",2007-02-08 15:00:00+00:00,2007-02-08 09:31:00+00:00,0.0,16000000.0,[],0.0,16000000.0,0.0,[]
2007-02-09 15:00:00,0.0,16000000.0,0.0,[],2007-02-09 15:00:00+00:00,2007-02-09 09:31:00+00:00,0.0,16000000.0,[],0.0,16000000.0,0.0,[]
2007-02-12 15:00:00,0.0,16000000.0,0.0,[],2007-02-12 15:00:00+00:00,2007-02-12 09:31:00+00:00,0.0,16000000.0,[],0.0,16000000.0,0.0,[]
2007-02-13 15:00:00,0.0,16000000.0,0.0,[],2007-02-13 15:00:00+00:00,2007-02-13 09:31:00+00:00,0.0,16000000.0,[],0.0,16000000.0,0.0,[]
2007-02-14 15:00:00,0.0,16000000.0,0.0,[],2007-02-14 15:00:00+00:00,2007-02-14 09:31:00+00:00,0.0,16000000.0,[],0.0,16000000.0,0.0,[]
2007-02-15 15:00:00,0.0,16000000.0,0.0,[],2007-02-15 15:00:00+00:00,2007-02-15 09:31:00+00:00,0.0,16000000.0,[],0.0,16000000.0,0.0,[]
2007-02-16 15:00:00,0.0,16000000.0,0.0,[],2007-02-16 15:00:00+00:00,2007-02-16 09:31:00+00:00,0.0,16000000.0,[],0.0,16000000.0,0.0,[]
2007-02-26 15:00:00,0.0,16000000.0,0.0,[],2007-02-26 15:00:00+00:00,2007-02-26 09:31:00+00:00,0.0,16000000.0,[],0.0,16000000.0,0.0,[]
2007-02-27 15:00:00,0.0,16000000.0,0.0,[],2007-02-27 15:00:00+00:00,2007-02-27 09:31:00+00:00,0.0,16000000.0,[],0.0,16000000.0,0.0,[]
2007-02-28 15:00:00,0.0,16000000.0,0.0,[],2007-02-28 15:00:00+00:00,2007-02-28 09:31:00+00:00,0.0,16000000.0,[],0.0,16000000.0,0.0,[]
2007-03-01 15:00:00,0.0,16000000.0,0.0,[],2007-03-01 15:00:00+00:00,2007-03-01 09:31:00+00:00,0.0,16000000.0,[],0.0,16000000.0,0.0,[]
2007-03-02 15:00:00,0.0,16000000.0,0.0,[],2007-03-02 15:00:00+00:00,2007-03-02 09:31:00+00:00,0.0,16000000.0,[],0.0,16000000.0,0.0,[]
2007-03-05 15:00:00,0.0,16000000.0,0.0,[],2007-03-05 15:00:00+00:00,2007-03-05 09:31:00+00:00,0.0,16000000.0,[],0.0,16000000.0,0.0,[]
2007-03-06 15:00:00,0.0,16000000.0,0.0,[],2007-03-06 15:00:00+00:00,2007-03-06 09:31:00+00:00,0.0,16000000.0,[],0.0,16000000.0,0.0,[]
2007-03-07 15:00:00,0.0,16000000.0,0.0,[],2007-03-07 15:00:00+00:00,2007-03-07 09:31:00+00:00,0.0,16000000.0,[],0.0,16000000.0,0.0,[]
2007-03-08 15:00:00,0.0,16000000.0,0.0,[],2007-03-08 15:00:00+00:00,2007-03-08 09:31:00+00:00,0.0,16000000.0,[],0.0,16000000.0,0.0,[]
2007-03-09 15:00:00,0.0,16000000.0,0.0,[],2007-03-09 15:00:00+00:00,2007-03-09 09:31:00+00:00,0.0,16000000.0,[],0.0,16000000.0,0.0,[]
2007-03-12 15:00:00,0.0,16000000.0,0.0,[],2007-03-12 15:00:00+00:00,2007-03-12 09:31:00+00:00,0.0,16000000.0,[],0.0,16000000.0,0.0,[]
2007-03-13 15:00:00,0.0,16000000.0,0.0,[],2007-03-13 15:00:00+00:00,2007-03-13 09:31:00+00:00,0.0,16000000.0,[],0.0,16000000.0,0.0,[]
2007-03-14 15:00:00,0.0,16000000.0,0.0,[],2007-03-14 15:00:00+00:00,2007-03-14 09:31:00+00:00,0.0,16000000.0,[],0.0,16000000.0,0.0,[]
2007-03-15 15:00:00,0.0,16000000.0,0.0,[],2007-03-15 15:00:00+00:00,2007-03-15 09:31:00+00:00,0.0,16000000.0,[],0.0,16000000.0,0.0,[]
2007-03-16 15:00:00,0.0,16000000.0,0.0,[],2007-03-16 15:00:00+00:00,2007-03-16 09:31:00+00:00,0.0,16000000.0,[],0.0,16000000.0,0.0,[]
2007-03-19 15:00:00,0.0,16000000.0,0.0,[],2007-03-19 15:00:00+00:00,2007-03-19 09:31:00+00:00,0.0,16000000.0,[],0.0,16000000.0,0.0,[]
2007-03-20 15:00:00,0.0,16000000.0,0.0,[],2007-03-20 15:00:00+00:00,2007-03-20 09:31:00+00:00,0.0,16000000.0,[],0.0,16000000.0,0.0,[]
2007-03-21 15:00:00,0.0,16000000.0,0.0,[],2007-03-21 15:00:00+00:00,2007-03-21 09:31:00+00:00,0.0,16000000.0,[],0.0,16000000.0,0.0,[]
2007-03-22 15:00:00,0.0,16000000.0,0.0,[],2007-03-22 15:00:00+00:00,2007-03-22 09:31:00+00:00,0.0,16000000.0,[],0.0,16000000.0,0.0,[]
2007-03-23 15:00:00,0.0,16000000.0,0.0,[],2007-03-23 15:00:00+00:00,2007-03-23 09:31:00+00:00,0.0,16000000.0,[],0.0,16000000.0,0.0,[]
2007-03-26 15:00:00,0.0,16000000.0,0.0,[],2007-03-26 15:00:00+00:00,2007-03-26 09:31:00+00:00,0.0,16000000.0,[],0.0,16000000.0,0.0,[]
2007-03-27 15:00:00,0.0,16000000.0,0.0,[],2007-03-27 15:00:00+00:00,2007-03-27 09:31:00+00:00,0.0,16000000.0,[],0.0,16000000.0,0.0,[]
2007-03-28 15:00:00,0.0,16000000.0,0.0,[],2007-03-28 15:00:00+00:00,2007-03-28 09:31:00+00:00,0.0,16000000.0,[],0.0,16000000.0,0.0,[]
2007-03-29 15:00:00,-16001795.0988,-1795.0988,15996996.0,"[{'status': 0, 'created': datetime.datetime(2007, 2, 8, 0, 0, tzinfo=<UTC>), 'limit_reached': False, 'stop': None, 'stop_reached': False, 'commission': 4799.0988, 'amount': 890800, 'limit': None, 'sid': '2010000094', 'dt': datetime.datetime(2007, 3, 29, 0, 0, tzinfo=<UTC>), 'id': '969aca3290954a338871c64e8729985a', 'filled': 387900}]",2007-03-29 15:00:00+00:00,2007-03-29 09:31:00+00:00,-4799.0988,15995200.9012,"[{'amount': 387900, 'last_sale_price': 41.24, 'cost_basis': 41.252372, 'sid': '2010000094'}]",-0.000299943675,16000000.0,0.0,"[{'commission': 4799.0988, 'amount': 387900, 'sid': '2010000094', 'order_id': '969aca3290954a338871c64e8729985a', 'price': 41.252372, 'dt': datetime.datetime(2007, 3, 29, 0, 0, tzinfo=<UTC>)}]"
2007-03-30 15:00:00,0.0,-1795.0988,15236712.0,[],2007-03-30 15:00:00+00:00,2007-03-30 09:31:00+00:00,-760284.0,15234916.9012,"[{'amount': 387900, 'last_sale_price': 39.28, 'cost_basis': 41.252372, 'sid': '2010000094'}]",-0.0475320069248,-1795.0988,15996996.0,[]
2007-04-02 15:00:00,0.0,-1795.0988,15667281.0,[],2007-04-02 15:00:00+00:00,2007-04-02 09:31:00+00:00,430569.0,15665485.9012,"[{'amount': 387900, 'last_sale_price': 40.39, 'cost_basis': 41.252372, 'sid': '2010000094'}]",0.0282619854635,-1795.0988,15236712.0,[]
2007-04-03 15:00:00,0.0,-1795.0988,16373259.0,[],2007-04-03 15:00:00+00:00,2007-04-03 09:31:00+00:00,705978.0,16371463.9012,"[{'amount': 387900, 'last_sale_price': 42.21, 'cost_basis': 41.252372, 'sid': '2010000094'}]",0.0450658220532,-1795.0988,15667281.0,[]
2007-04-04 15:00:00,0.0,-1795.0988,16214220.0,[],2007-04-04 15:00:00+00:00,2007-04-04 09:31:00+00:00,-159039.0,16212424.9012,"[{'amount': 387900, 'last_sale_price': 41.8, 'cost_basis': 41.252372, 'sid': '2010000094'}]",-0.00971440311995,-1795.0988,16373259.0,[]
2007-04-05 15:00:00,0.0,-1795.0988,16291800.0,[],2007-04-05 15:00:00+00:00,2007-04-05 09:31:00+00:00,77580.0,16290004.9012,"[{'amount': 387900, 'last_sale_price': 42.0, 'cost_basis': 41.252372, 'sid': '2010000094'}]",0.00478521877343,-1795.0988,16214220.0,[]
2007-04-06 15:00:00,0.0,-1795.0988,16683579.0,[],2007-04-06 15:00:00+00:00,2007-04-06 09:31:00+00:00,391779.0,16681783.9012,"[{'amount': 387900, 'last_sale_price': 43.01, 'cost_basis': 41.252372, 'sid': '2010000094'}]",0.024050269007,-1795.0988,16291800.0,[]
2007-04-09 15:00:00,0.0,-1795.0988,17467137.0,[],2007-04-09 15:00:00+00:00,2007-04-09 09:31:00+00:00,783558.0,17465341.9012,"[{'amount': 387900, 'last_sale_price': 45.03, 'cost_basis': 41.252372, 'sid': '2010000094'}]",0.0469708758152,-1795.0988,16683579.0,[]
2007-04-10 15:00:00,0.0,-1795.0988,16889166.0,[],2007-04-10 15:00:00+00:00,2007-04-10 09:31:00+00:00,-577971.0,16887370.9012,"[{'amount': 387900, 'last_sale_price': 43.54, 'cost_basis': 41.252372, 'sid': '2010000094'}]",-0.0330924526568,-1795.0988,17467137.0,[]
2007-04-11 15:00:00,0.0,-1795.0988,16462476.0,[],2007-04-11 15:00:00+00:00,2007-04-11 09:31:00+00:00,-426690.0,16460680.9012,"[{'amount': 387900, 'last_sale_price': 42.44, 'cost_basis': 41.252372, 'sid': '2010000094'}]",-0.0252668104761,-1795.0988,16889166.0,[]
2007-04-12 15:00:00,0.0,-1795.0988,16462476.0,[],2007-04-12 15:00:00+00:00,2007-04-12 09:31:00+00:00,0.0,16460680.9012,"[{'amount': 387900, 'last_sale_price': 42.44, 'cost_basis': 41.252372, 'sid': '2010000094'}]",0.0,-1795.0988,16462476.0,[]
2007-04-13 15:00:00,0.0,-1795.0988,16016391.0,[],2007-04-13 15:00:00+00:00,2007-04-13 09:31:00+00:00,-446085.0,16014595.9012,"[{'amount': 387900, 'last_sale_price': 41.29, 'cost_basis': 41.252372, 'sid': '2010000094'}]",-0.0271000332658,-1795.0988,16462476.0,[]
2007-04-16 15:00:00,0.0,-1795.0988,16233615.0,[],2007-04-16 15:00:00+00:00,2007-04-16 09:31:00+00:00,217224.0,16231819.9012,"[{'amount': 387900, 'last_sale_price': 41.85, 'cost_basis': 41.252372, 'sid': '2010000094'}]",0.0135641262096,-1795.0988,16016391.0,[]
2007-04-17 15:00:00,0.0,-1795.0988,16097850.0,[],2007-04-17 15:00:00+00:00,2007-04-17 09:31:00+00:00,-135765.0,16096054.9012,"[{'amount': 387900, 'last_sale_price': 41.5, 'cost_basis': 41.252372, 'sid': '2010000094'}]",-0.00836412680934,-1795.0988,16233615.0,[]
2007-04-18 15:00:00,0.0,-1795.0988,17707635.0,[],2007-04-18 15:00:00+00:00,2007-04-18 09:31:00+00:00,1609785.0,17705839.9012,"[{'amount': 387900, 'last_sale_price': 45.65, 'cost_basis': 41.252372, 'sid': '2010000094'}]",0.100011152415,-1795.0988,16097850.0,[]
2007-04-19 15:00:00,0.0,-1795.0988,19480338.0,[],2007-04-19 15:00:00+00:00,2007-04-19 09:31:00+00:00,1772703.0,19478542.9012,"[{'amount': 387900, 'last_sale_price': 50.22, 'cost_basis': 41.252372, 'sid': '2010000094'}]",0.100119678586,-1795.0988,17707635.0,[]
2007-04-20 15:00:00,0.0,-1795.0988,21404322.0,[],2007-04-20 15:00:00+00:00,2007-04-20 09:31:00+00:00,1923984.0,21402526.9012,"[{'amount': 387900, 'last_sale_price': 55.18, 'cost_basis': 41.252372, 'sid': '2010000094'}]",0.0987745340993,-1795.0988,19480338.0,[]
2007-04-23 15:00:00,0.0,-1795.0988,23541651.0,[],2007-04-23 15:00:00+00:00,2007-04-23 09:31:00+00:00,2137329.0,23539855.9012,"[{'amount': 387900, 'last_sale_price': 60.69, 'cost_basis': 41.252372, 'sid': '2010000094'}]",0.0998633950966,-1795.0988,21404322.0,[]
2007-04-24 15:00:00,0.0,-1795.0988,25896204.0,[],2007-04-24 15:00:00+00:00,2007-04-24 09:31:00+00:00,2354553.0,25894408.9012,"[{'amount': 387900, 'last_sale_price': 66.76, 'cost_basis': 41.252372, 'sid': '2010000094'}]",0.100024104221,-1795.0988,23541651.0,[]
2007-04-25 15:00:00,0.0,-1795.0988,25884567.0,[],2007-04-25 15:00:00+00:00,2007-04-25 09:31:00+00:00,-11637.0,25882771.9012,"[{'amount': 387900, 'last_sale_price': 66.73, 'cost_basis': 41.252372, 'sid': '2010000094'}]",-0.000449402032864,-1795.0988,25896204.0,[]
2007-04-26 15:00:00,0.0,-1795.0988,26319015.0,[],2007-04-26 15:00:00+00:00,2007-04-26 09:31:00+00:00,434448.0,26317219.9012,"[{'amount': 387900, 'last_sale_price': 67.85, 'cost_basis': 41.252372, 'sid': '2010000094'}]",0.0167852192052,-1795.0988,25884567.0,[]
2007-04-27 15:00:00,0.0,-1795.0988,28952856.0,[],2007-04-27 15:00:00+00:00,2007-04-27 09:31:00+00:00,2633841.0,28951060.9012,"[{'amount': 387900, 'last_sale_price': 74.64, 'cost_basis': 41.252372, 'sid': '2010000094'}]",0.100080517999,-1795.0988,26319015.0,[]
2007-04-30 15:00:00,0.0,-1795.0988,31047516.0,[],2007-04-30 15:00:00+00:00,2007-04-30 09:31:00+00:00,2094660.0,31045720.9012,"[{'amount': 387900, 'last_sale_price': 80.04, 'cost_basis': 41.252372, 'sid': '2010000094'}]",0.072351752744,-1795.0988,28952856.0,[]
2007-05-08 15:00:00,0.0,-1795.0988,30364812.0,[],2007-05-08 15:00:00+00:00,2007-05-08 09:31:00+00:00,-682704.0,30363016.9012,"[{'amount': 387900, 'last_sale_price': 78.28, 'cost_basis': 41.252372, 'sid': '2010000094'}]",-0.0219902769265,-1795.0988,31047516.0,[]
2007-05-09 15:00:00,0.0,-1795.0988,28704600.0,[],2007-05-09 15:00:00+00:00,2007-05-09 09:31:00+00:00,-1660212.0,28702804.9012,"[{'amount': 387900, 'last_sale_price': 74.0, 'cost_basis': 41.252372, 'sid': '2010000094'}]",-0.0546787562449,-1795.0988,30364812.0,[]
2007-05-10 15:00:00,0.0,-1795.0988,28285668.0,[],2007-05-10 15:00:00+00:00,2007-05-10 09:31:00+00:00,-418932.0,28283872.9012,"[{'amount': 387900, 'last_sale_price': 72.92, 'cost_basis': 41.252372, 'sid': '2010000094'}]",-0.0145955073534,-1795.0988,28704600.0,[]
2007-05-11 15:00:00,0.0,-1795.0988,28014138.0,[],2007-05-11 15:00:00+00:00,2007-05-11 09:31:00+00:00,-271530.0,28012342.9012,"[{'amount': 387900, 'last_sale_price': 72.22, 'cost_basis': 41.252372, 'sid': '2010000094'}]",-0.00960017042038,-1795.0988,28285668.0,[]
2007-05-14 15:00:00,0.0,-1795.0988,28611504.0,[],2007-05-14 15:00:00+00:00,2007-05-14 09:31:00+00:00,597366.0,28609708.9012,"[{'amount': 387900, 'last_sale_price': 73.76, 'cost_basis': 41.252372, 'sid': '2010000094'}]",0.0213250995144,-1795.0988,28014138.0,[]
2007-05-15 15:00:00,0.0,-1795.0988,26982324.0,[],2007-05-15 15:00:00+00:00,2007-05-15 09:31:00+00:00,-1629180.0,26980528.9012,"[{'amount': 387900, 'last_sale_price': 69.56, 'cost_basis': 41.252372, 'sid': '2010000094'}]",-0.0569450044258,-1795.0988,28611504.0,[]
2007-05-16 15:00:00,0.0,-1795.0988,27952074.0,[],2007-05-16 15:00:00+00:00,2007-05-16 09:31:00+00:00,969750.0,27950278.9012,"[{'amount': 387900, 'last_sale_price': 72.06, 'cost_basis': 41.252372, 'sid': '2010000094'}]",0.035942586728,-1795.0988,26982324.0,[]
2007-05-17 15:00:00,0.0,-1795.0988,30748833.0,[],2007-05-17 15:00:00+00:00,2007-05-17 09:31:00+00:00,2796759.0,30747037.9012,"[{'amount': 387900, 'last_sale_price': 79.27, 'cost_basis': 41.252372, 'sid': '2010000094'}]",0.100061935335,-1795.0988,27952074.0,[]
2007-05-18 15:00:00,0.0,-1795.0988,33824880.0,[],2007-05-18 15:00:00+00:00,2007-05-18 09:31:00+00:00,3076047.0,33823084.9012,"[{'amount': 387900, 'last_sale_price': 87.2, 'cost_basis': 41.252372, 'sid': '2010000094'}]",0.10004368583,-1795.0988,30748833.0,[]
2007-05-21 15:00:00,0.0,-1795.0988,32696091.0,[],2007-05-21 15:00:00+00:00,2007-05-21 09:31:00+00:00,-1128789.0,32694295.9012,"[{'amount': 387900, 'last_sale_price': 84.29, 'cost_basis': 41.252372, 'sid': '2010000094'}]",-0.0333733307679,-1795.0988,33824880.0,[]
2007-05-22 15:00:00,0.0,-1795.0988,33324489.0,[],2007-05-22 15:00:00+00:00,2007-05-22 09:31:00+00:00,628398.0,33322693.9012,"[{'amount': 387900, 'last_sale_price': 85.91, 'cost_basis': 41.252372, 'sid': '2010000094'}]",0.0192204169773,-1795.0988,32696091.0,[]
2007-05-23 15:00:00,0.0,-1795.0988,32758155.0,[],2007-05-23 15:00:00+00:00,2007-05-23 09:31:00+00:00,-566334.0,32756359.9012,"[{'amount': 387900, 'last_sale_price': 84.45, 'cost_basis': 41.252372, 'sid': '2010000094'}]",-0.0169954446564,-1795.0988,33324489.0,[]
2007-05-24 15:00:00,0.0,-1795.0988,32843493.0,[],2007-05-24 15:00:00+00:00,2007-05-24 09:31:00+00:00,85338.0,32841697.9012,"[{'amount': 387900, 'last_sale_price': 84.67, 'cost_basis': 41.252372, 'sid': '2010000094'}]",0.00260523453331,-1795.0988,32758155.0,[]
2007-05-25 15:00:00,0.0,-1795.0988,34887726.0,[],2007-05-25 15:00:00+00:00,2007-05-25 09:31:00+00:00,2044233.0,34885930.9012,"[{'amount': 387900, 'last_sale_price': 89.94, 'cost_basis': 41.252372, 'sid': '2010000094'}]",0.0622450461042,-1795.0988,32843493.0,[]
2007-05-28 15:00:00,0.0,-1795.0988,34449399.0,[],2007-05-28 15:00:00+00:00,2007-05-28 09:31:00+00:00,-438327.0,34447603.9012,"[{'amount': 387900, 'last_sale_price': 88.81, 'cost_basis': 41.252372, 'sid': '2010000094'}]",-0.0125645780026,-1795.0988,34887726.0,[]
2007-05-29 15:00:00,0.0,-1795.0988,34247691.0,[],2007-05-29 15:00:00+00:00,2007-05-29 09:31:00+00:00,-201708.0,34245895.9012,"[{'amount': 387900, 'last_sale_price': 88.29, 'cost_basis': 41.252372, 'sid': '2010000094'}]",-0.00585550160698,-1795.0988,34449399.0,[]
2007-05-30 15:00:00,0.0,-1795.0988,30822534.0,[],2007-05-30 15:00:00+00:00,2007-05-30 09:31:00+00:00,-3425157.0,30820738.9012,"[{'amount': 387900, 'last_sale_price': 79.46, 'cost_basis': 41.252372, 'sid': '2010000094'}]",-0.100016568697,-1795.0988,34247691.0,[]
2007-05-31 15:00:00,0.0,-1795.0988,28037412.0,[],2007-05-31 15:00:00+00:00,2007-05-31 09:31:00+00:00,-2785122.0,28035616.9012,"[{'amount': 387900, 'last_sale_price': 72.28, 'cost_basis': 41.252372, 'sid': '2010000094'}]",-0.0903651923767,-1795.0988,30822534.0,[]
2007-06-01 15:00:00,0.0,-1795.0988,28149903.0,"[{'status': 0, 'created': datetime.datetime(2007, 6, 1, 0, 0, tzinfo=<UTC>), 'limit_reached': False, 'stop': None, 'stop_reached': False, 'commission': None, 'amount': -890800, 'limit': None, 'sid': '2010000094', 'dt': datetime.datetime(2007, 6, 1, 0, 0, tzinfo=<UTC>), 'id': '989cc664f03c4084a3b9e1f66aeb2d0a', 'filled': 0}]",2007-06-01 15:00:00+00:00,2007-06-01 09:31:00+00:00,112491.0,28148107.9012,"[{'amount': 387900, 'last_sale_price': 72.57, 'cost_basis': 41.252372, 'sid': '2010000094'}]",0.00401243177193,-1795.0988,28037412.0,[]
2007-06-04 15:00:00,23220.3174,21425.2186,25294563.0,"[{'status': 0, 'created': datetime.datetime(2007, 2, 8, 0, 0, tzinfo=<UTC>), 'limit_reached': False, 'stop': None, 'stop_reached': False, 'commission': 7783.1127, 'amount': 890800, 'limit': None, 'sid': '2010000094', 'dt': datetime.datetime(2007, 6, 4, 0, 0, tzinfo=<UTC>), 'id': '969aca3290954a338871c64e8729985a', 'filled': 540200}, {'status': 0, 'created': datetime.datetime(2007, 6, 1, 0, 0, tzinfo=<UTC>), 'limit_reached': False, 'stop': None, 'stop_reached': False, 'commission': 12981.668700000002, 'amount': -890800, 'limit': None, 'sid': '2010000094', 'dt': datetime.datetime(2007, 6, 4, 0, 0, tzinfo=<UTC>), 'id': '989cc664f03c4084a3b9e1f66aeb2d0a', 'filled': -152900}]",2007-06-04 15:00:00+00:00,2007-06-04 09:31:00+00:00,-2832119.6826,25315988.2186,"[{'amount': 387300, 'last_sale_price': 65.31, 'cost_basis': 50.71305507094944, 'sid': '2010000094'}]",-0.100614922059,-1795.0988,28149903.0,"[{'commission': 12956.197800000002, 'amount': -152600, 'sid': '2010000094', 'order_id': '989cc664f03c4084a3b9e1f66aeb2d0a', 'price': 65.225097, 'dt': datetime.datetime(2007, 6, 4, 0, 0, tzinfo=<UTC>)}, {'commission': 2984.0139, 'amount': 152300, 'sid': '2010000094', 'order_id': '969aca3290954a338871c64e8729985a', 'price': 65.329593, 'dt': datetime.datetime(2007, 6, 4, 0, 0, tzinfo=<UTC>)}, {'commission': 25.4709, 'amount': -300, 'sid': '2010000094', 'order_id': '989cc664f03c4084a3b9e1f66aeb2d0a', 'price': 65.225097, 'dt': datetime.datetime(2007, 6, 4, 0, 0, tzinfo=<UTC>)}]"
2007-06-05 15:00:00,673.228,22098.4466,27709778.0,"[{'status': 0, 'created': datetime.datetime(2007, 2, 8, 0, 0, tzinfo=<UTC>), 'limit_reached': False, 'stop': None, 'stop_reached': False, 'commission': 13021.3995, 'amount': 890800, 'limit': None, 'sid': '2010000094', 'dt': datetime.datetime(2007, 6, 5, 0, 0, tzinfo=<UTC>), 'id': '969aca3290954a338871c64e8729985a', 'filled': 784000}, {'status': 0, 'created': datetime.datetime(2007, 6, 1, 0, 0, tzinfo=<UTC>), 'limit_reached': False, 'stop': None, 'stop_reached': False, 'commission': 35718.1539, 'amount': -890800, 'limit': None, 'sid': '2010000094', 'dt': datetime.datetime(2007, 6, 5, 0, 0, tzinfo=<UTC>), 'id': '989cc664f03c4084a3b9e1f66aeb2d0a', 'filled': -397100}]",2007-06-05 15:00:00+00:00,2007-06-05 09:31:00+00:00,2415888.228,27731876.4466,"[{'amount': 386900, 'last_sale_price': 71.62, 'cost_basis': 63.88381154978181, 'sid': '2010000094'}]",0.0954293471438,21425.2186,25294563.0,"[{'commission': 4.297199999999999, 'amount': 200, 'sid': '2010000094', 'order_id': '969aca3290954a338871c64e8729985a', 'price': 71.641486, 'dt': datetime.datetime(2007, 6, 5, 0, 0, tzinfo=<UTC>)}, {'commission': 22708.553399999997, 'amount': -243900, 'sid': '2010000094', 'order_id': '989cc664f03c4084a3b9e1f66aeb2d0a', 'price': 71.526894, 'dt': datetime.datetime(2007, 6, 5, 0, 0, tzinfo=<UTC>)}, {'commission': 5233.9896, 'amount': 243600, 'sid': '2010000094', 'order_id': '969aca3290954a338871c64e8729985a', 'price': 71.641486, 'dt': datetime.datetime(2007, 6, 5, 0, 0, tzinfo=<UTC>)}, {'commission': 27.9318, 'amount': -300, 'sid': '2010000094', 'order_id': '989cc664f03c4084a3b9e1f66aeb2d0a', 'price': 71.526894, 'dt': datetime.datetime(2007, 6, 5, 0, 0, tzinfo=<UTC>)}]"
2007-06-06 15:00:00,2083799.4366,2105897.8832,25239752.0,"[{'status': 1, 'created': datetime.datetime(2007, 2, 8, 0, 0, tzinfo=<UTC>), 'limit_reached': False, 'stop': None, 'stop_reached': False, 'commission': 15285.345899999998, 'amount': 890800, 'limit': None, 'sid': '2010000094', 'dt': datetime.datetime(2007, 6, 6, 0, 0, tzinfo=<UTC>), 'id': '969aca3290954a338871c64e8729985a', 'filled': 890800}, {'status': 0, 'created': datetime.datetime(2007, 6, 1, 0, 0, tzinfo=<UTC>), 'limit_reached': False, 'stop': None, 'stop_reached': False, 'commission': 48256.770899999996, 'amount': -890800, 'limit': None, 'sid': '2010000094', 'dt': datetime.datetime(2007, 6, 6, 0, 0, tzinfo=<UTC>), 'id': '989cc664f03c4084a3b9e1f66aeb2d0a', 'filled': -533600}]",2007-06-06 15:00:00+00:00,2007-06-06 09:31:00+00:00,-386226.5634,27345649.8832,"[{'amount': 357200, 'last_sale_price': 70.66, 'cost_basis': 65.83255143322769, 'sid': '2010000094'}]",-0.0139271702059,22098.4466,27709778.0,"[{'commission': 6.359399999999999, 'amount': 300, 'sid': '2010000094', 'order_id': '969aca3290954a338871c64e8729985a', 'price': 70.681198, 'dt': datetime.datetime(2007, 6, 6, 0, 0, tzinfo=<UTC>)}, {'commission': 11160.747, 'amount': -121500, 'sid': '2010000094', 'order_id': '989cc664f03c4084a3b9e1f66aeb2d0a', 'price': 70.568142, 'dt': datetime.datetime(2007, 6, 6, 0, 0, tzinfo=<UTC>)}, {'commission': 2257.587, 'amount': 106500, 'sid': '2010000094', 'order_id': '969aca3290954a338871c64e8729985a', 'price': 70.681198, 'dt': datetime.datetime(2007, 6, 6, 0, 0, tzinfo=<UTC>)}, {'commission': 1377.87, 'amount': -15000, 'sid': '2010000094', 'order_id': '989cc664f03c4084a3b9e1f66aeb2d0a', 'price': 70.568142, 'dt': datetime.datetime(2007, 6, 6, 0, 0, tzinfo=<UTC>)}]"
2007-06-07 15:00:00,27122610.7092,29228508.5924,0.0,"[{'status': 1, 'created': datetime.datetime(2007, 6, 1, 0, 0, tzinfo=<UTC>), 'limit_reached': False, 'stop': None, 'stop_reached': False, 'commission': 83562.06169999999, 'amount': -890800, 'limit': None, 'sid': '2010000094', 'dt': datetime.datetime(2007, 6, 7, 0, 0, tzinfo=<UTC>), 'id': '989cc664f03c4084a3b9e1f66aeb2d0a', 'filled': -890800}]",2007-06-07 15:00:00+00:00,2007-06-07 09:31:00+00:00,1882858.7092,29228508.5924,[],0.068854048715,2105897.8832,25239752.0,"[{'commission': 18216.0277, 'amount': -184300, 'sid': '2010000094', 'order_id': '989cc664f03c4084a3b9e1f66aeb2d0a', 'price': 75.931161, 'dt': datetime.datetime(2007, 6, 7, 0, 0, tzinfo=<UTC>)}, {'commission': 17089.2631, 'amount': -172900, 'sid': '2010000094', 'order_id': '989cc664f03c4084a3b9e1f66aeb2d0a', 'price': 75.931161, 'dt': datetime.datetime(2007, 6, 7, 0, 0, tzinfo=<UTC>)}]"
2007-06-08 15:00:00,0.0,29228508.5924,0.0,"[{'status': 0, 'created': datetime.datetime(2007, 6, 8, 0, 0, tzinfo=<UTC>), 'limit_reached': False, 'stop': None, 'stop_reached': False, 'commission': None, 'amount': 372000, 'limit': None, 'sid': '2010000094', 'dt': datetime.datetime(2007, 6, 8, 0, 0, tzinfo=<UTC>), 'id': '968e0da6f0944284bca31463f83896d0', 'filled': 0}]",2007-06-08 15:00:00+00:00,2007-06-08 09:31:00+00:00,0.0,29228508.5924,[],0.0,29228508.5924,0.0,[]
2007-06-11 15:00:00,-29228569.9412,-61.3487999924,29219804.0,"[{'status': 0, 'created': datetime.datetime(2007, 6, 8, 0, 0, tzinfo=<UTC>), 'limit_reached': False, 'stop': None, 'stop_reached': False, 'commission': 8765.9412, 'amount': 372000, 'limit': None, 'sid': '2010000094', 'dt': datetime.datetime(2007, 6, 11, 0, 0, tzinfo=<UTC>), 'id': '968e0da6f0944284bca31463f83896d0', 'filled': 356600}]",2007-06-11 15:00:00+00:00,2007-06-11 09:31:00+00:00,-8765.9412,29219742.6512,"[{'amount': 356600, 'last_sale_price': 81.94, 'cost_basis': 81.964582, 'sid': '2010000094'}]",-0.000299910656484,29228508.5924,0.0,"[{'commission': 5351.501399999999, 'amount': 217700, 'sid': '2010000094', 'order_id': '968e0da6f0944284bca31463f83896d0', 'price': 81.964582, 'dt': datetime.datetime(2007, 6, 11, 0, 0, tzinfo=<UTC>)}, {'commission': 3414.4397999999997, 'amount': 138900, 'sid': '2010000094', 'order_id': '968e0da6f0944284bca31463f83896d0', 'price': 81.964582, 'dt': datetime.datetime(2007, 6, 11, 0, 0, tzinfo=<UTC>)}]"
2007-06-12 15:00:00,0.0,-61.3487999924,28884600.0,[],2007-06-12 15:00:00+00:00,2007-06-12 09:31:00+00:00,-335204.0,28884538.6512,"[{'amount': 356600, 'last_sale_price': 81.0, 'cost_basis': 81.964582, 'sid': '2010000094'}]",-0.0114718327263,-61.3487999924,29219804.0,[]
2007-06-13 15:00:00,0.0,-61.3487999924,29091428.0,[],2007-06-13 15:00:00+00:00,2007-06-13 09:31:00+00:00,206828.0,29091366.6512,"[{'amount': 356600, 'last_sale_price': 81.58, 'cost_basis': 81.964582, 'sid': '2010000094'}]",0.00716050903556,-61.3487999924,28884600.0,[]
2007-06-14 15:00:00,0.0,-61.3487999924,29754704.0,[],2007-06-14 15:00:00+00:00,2007-06-14 09:31:00+00:00,663276.0,29754642.6512,"[{'amount': 356600, 'last_sale_price': 83.44, 'cost_basis': 81.964582, 'sid': '2010000094'}]",0.022799753891,-61.3487999924,29091428.0,[]
2007-06-15 15:00:00,0.0,-61.3487999924,29847420.0,[],2007-06-15 15:00:00+00:00,2007-06-15 09:31:00+00:00,92716.0,29847358.6512,"[{'amount': 356600, 'last_sale_price': 83.7, 'cost_basis': 81.964582, 'sid': '2010000094'}]",0.00311601792994,-61.3487999924,29754704.0,[]
2007-06-18 15:00:00,0.0,-61.3487999924,32086868.0,[],2007-06-18 15:00:00+00:00,2007-06-18 09:31:00+00:00,2239448.0,32086806.6512,"[{'amount': 356600, 'last_sale_price': 89.98, 'cost_basis': 81.964582, 'sid': '2010000094'}]",0.075030022796,-61.3487999924,29847420.0,[]
2007-06-19 15:00:00,0.0,-61.3487999924,31420026.0,[],2007-06-19 15:00:00+00:00,2007-06-19 09:31:00+00:00,-666842.0,31419964.6512,"[{'amount': 356600, 'last_sale_price': 88.11, 'cost_basis': 81.964582, 'sid': '2010000094'}]",-0.0207824358232,-61.3487999924,32086868.0,[]
2007-06-20 15:00:00,0.0,-61.3487999924,31049162.0,[],2007-06-20 15:00:00+00:00,2007-06-20 09:31:00+00:00,-370864.0,31049100.6512,"[{'amount': 356600, 'last_sale_price': 87.07, 'cost_basis': 81.964582, 'sid': '2010000094'}]",-0.0118034505805,-61.3487999924,31420026.0,[]
2007-06-21 15:00:00,0.0,-61.3487999924,32058340.0,[],2007-06-21 15:00:00+00:00,2007-06-21 09:31:00+00:00,1009178.0,32058278.6512,"[{'amount': 356600, 'last_sale_price': 89.9, 'cost_basis': 81.964582, 'sid': '2010000094'}]",0.0325026483484,-61.3487999924,31049162.0,[]
2007-06-22 15:00:00,0.0,-61.3487999924,30179058.0,[],2007-06-22 15:00:00+00:00,2007-06-22 09:31:00+00:00,-1879282.0,30178996.6512,"[{'amount': 356600, 'last_sale_price': 84.63, 'cost_basis': 81.964582, 'sid': '2010000094'}]",-0.0586208018355,-61.3487999924,32058340.0,[]
2007-06-25 15:00:00,0.0,-61.3487999924,27162222.0,"[{'status': 0, 'created': datetime.datetime(2007, 6, 25, 0, 0, tzinfo=<UTC>), 'limit_reached': False, 'stop': None, 'stop_reached': False, 'commission': None, 'amount': -372000, 'limit': None, 'sid': '2010000094', 'dt': datetime.datetime(2007, 6, 25, 0, 0, tzinfo=<UTC>), 'id': 'ecaf03c76d2e44a993890aa8f04ef07d', 'filled': 0}]",2007-06-25 15:00:00+00:00,2007-06-25 09:31:00+00:00,-3016836.0,27162160.6512,"[{'amount': 356600, 'last_sale_price': 76.17, 'cost_basis': 81.964582, 'sid': '2010000094'}]",-0.0999647547885,-61.3487999924,30179058.0,[]
2007-06-26 15:00:00,16731153.6168,16731092.268,10353924.0,"[{'status': 1, 'created': datetime.datetime(2007, 6, 8, 0, 0, tzinfo=<UTC>), 'limit_reached': False, 'stop': None, 'stop_reached': False, 'commission': 9117.1536, 'amount': 372000, 'limit': None, 'sid': '2010000094', 'dt': datetime.datetime(2007, 6, 26, 0, 0, tzinfo=<UTC>), 'id': '968e0da6f0944284bca31463f83896d0', 'filled': 372000}, {'status': 0, 'created': datetime.datetime(2007, 6, 25, 0, 0, tzinfo=<UTC>), 'limit_reached': False, 'stop': None, 'stop_reached': False, 'commission': 23303.1708, 'amount': -372000, 'limit': None, 'sid': '2010000094', 'dt': datetime.datetime(2007, 6, 26, 0, 0, tzinfo=<UTC>), 'id': 'ecaf03c76d2e44a993890aa8f04ef07d', 'filled': -235800}]",2007-06-26 15:00:00+00:00,2007-06-26 09:31:00+00:00,-77144.3832,27085016.268,"[{'amount': 136200, 'last_sale_price': 76.02, 'cost_basis': 81.594471, 'sid': '2010000094'}]",-0.00284014162903,-61.3487999924,27162222.0,"[{'commission': 12412.5456, 'amount': -125600, 'sid': '2010000094', 'order_id': 'ecaf03c76d2e44a993890aa8f04ef07d', 'price': 75.921174, 'dt': datetime.datetime(2007, 6, 26, 0, 0, tzinfo=<UTC>)}, {'commission': 351.21239999999995, 'amount': 15400, 'sid': '2010000094', 'order_id': '968e0da6f0944284bca31463f83896d0', 'price': 76.042806, 'dt': datetime.datetime(2007, 6, 26, 0, 0, tzinfo=<UTC>)}, {'commission': 10890.6252, 'amount': -110200, 'sid': '2010000094', 'order_id': 'ecaf03c76d2e44a993890aa8f04ef07d', 'price': 75.921174, 'dt': datetime.datetime(2007, 6, 26, 0, 0, tzinfo=<UTC>)}]"
2007-06-27 15:00:00,10760774.7834,27491867.0514,0.0,"[{'status': 1, 'created': datetime.datetime(2007, 6, 25, 0, 0, tzinfo=<UTC>), 'limit_reached': False, 'stop': None, 'stop_reached': False, 'commission': 37310.3874, 'amount': -372000, 'limit': None, 'sid': '2010000094', 'dt': datetime.datetime(2007, 6, 27, 0, 0, tzinfo=<UTC>), 'id': 'ecaf03c76d2e44a993890aa8f04ef07d', 'filled': -372000}, {'status': 0, 'created': datetime.datetime(2007, 6, 27, 0, 0, tzinfo=<UTC>), 'limit_reached': False, 'stop': None, 'stop_reached': False, 'commission': None, 'amount': 347500, 'limit': None, 'sid': '2010000094', 'dt': datetime.datetime(2007, 6, 27, 0, 0, tzinfo=<UTC>), 'id': 'b14aee416a0d453e8a4b6691866c34f4', 'filled': 0}]",2007-06-27 15:00:00+00:00,2007-06-27 09:31:00+00:00,406850.7834,27491867.0514,[],0.0150212493644,16731092.268,10353924.0,"[{'commission': 13698.6876, 'amount': -133200, 'sid': '2010000094', 'order_id': 'ecaf03c76d2e44a993890aa8f04ef07d', 'price': 79.007157, 'dt': datetime.datetime(2007, 6, 27, 0, 0, tzinfo=<UTC>)}, {'commission': 308.529, 'amount': -3000, 'sid': '2010000094', 'order_id': 'ecaf03c76d2e44a993890aa8f04ef07d', 'price': 79.007157, 'dt': datetime.datetime(2007, 6, 27, 0, 0, tzinfo=<UTC>)}]"
2007-06-28 15:00:00,-17720002.4064,9771864.645,17714688.0,"[{'status': 0, 'created': datetime.datetime(2007, 6, 27, 0, 0, tzinfo=<UTC>), 'limit_reached': False, 'stop': None, 'stop_reached': False, 'commission': 5314.4064, 'amount': 347500, 'limit': None, 'sid': '2010000094', 'dt': datetime.datetime(2007, 6, 28, 0, 0, tzinfo=<UTC>), 'id': 'b14aee416a0d453e8a4b6691866c34f4', 'filled': 243200}, {'status': 0, 'created': datetime.datetime(2007, 6, 28, 0, 0, tzinfo=<UTC>), 'limit_reached': False, 'stop': None, 'stop_reached': False, 'commission': None, 'amount': -347500, 'limit': None, 'sid': '2010000094', 'dt': datetime.datetime(2007, 6, 28, 0, 0, tzinfo=<UTC>), 'id': 'b81865bb954c4ee8b8ab27e0c6031805', 'filled': 0}]",2007-06-28 15:00:00+00:00,2007-06-28 09:31:00+00:00,-5314.4064,27486552.645,"[{'amount': 243200, 'last_sale_price': 72.84, 'cost_basis': 72.861852, 'sid': '2010000094'}]",-0.000193308311511,27491867.0514,0.0,"[{'commission': 2657.2032, 'amount': 121600, 'sid': '2010000094', 'order_id': 'b14aee416a0d453e8a4b6691866c34f4', 'price': 72.861852, 'dt': datetime.datetime(2007, 6, 28, 0, 0, tzinfo=<UTC>)}, {'commission': 2657.2032, 'amount': 121600, 'sid': '2010000094', 'order_id': 'b14aee416a0d453e8a4b6691866c34f4', 'price': 72.861852, 'dt': datetime.datetime(2007, 6, 28, 0, 0, tzinfo=<UTC>)}]"
2007-06-29 15:00:00,13261258.094,23033122.739,6193276.0,"[{'status': 1, 'created': datetime.datetime(2007, 6, 27, 0, 0, tzinfo=<UTC>), 'limit_reached': False, 'stop': None, 'stop_reached': False, 'commission': 7821.361199999999, 'amount': 347500, 'limit': None, 'sid': '2010000094', 'dt': datetime.datetime(2007, 6, 29, 0, 0, tzinfo=<UTC>), 'id': 'b14aee416a0d453e8a4b6691866c34f4', 'filled': 347500}, {'status': 0, 'created': datetime.datetime(2007, 6, 28, 0, 0, tzinfo=<UTC>), 'limit_reached': False, 'stop': None, 'stop_reached': False, 'commission': 28142.951200000003, 'amount': -347500, 'limit': None, 'sid': '2010000094', 'dt': datetime.datetime(2007, 6, 29, 0, 0, tzinfo=<UTC>), 'id': 'b81865bb954c4ee8b8ab27e0c6031805', 'filled': -270200}]",2007-06-29 15:00:00+00:00,2007-06-29 09:31:00+00:00,1739846.094,29226398.739,"[{'amount': 77300, 'last_sale_price': 80.12, 'cost_basis': 75.04755499625898, 'sid': '2010000094'}]",0.0632980831198,9771864.645,17714688.0,"[{'commission': 2506.9548, 'amount': 104300, 'sid': '2010000094', 'order_id': 'b14aee416a0d453e8a4b6691866c34f4', 'price': 80.144036, 'dt': datetime.datetime(2007, 6, 29, 0, 0, tzinfo=<UTC>)}, {'commission': 14071.475600000002, 'amount': -135100, 'sid': '2010000094', 'order_id': 'b81865bb954c4ee8b8ab27e0c6031805', 'price': 80.015844, 'dt': datetime.datetime(2007, 6, 29, 0, 0, tzinfo=<UTC>)}, {'commission': 14071.475600000002, 'amount': -135100, 'sid': '2010000094', 'order_id': 'b81865bb954c4ee8b8ab27e0c6031805', 'price': 80.015844, 'dt': datetime.datetime(2007, 6, 29, 0, 0, tzinfo=<UTC>)}]"
2007-07-02 15:00:00,6443843.0997,29476965.8387,0.0,"[{'status': 1, 'created': datetime.datetime(2007, 6, 28, 0, 0, tzinfo=<UTC>), 'limit_reached': False, 'stop': None, 'stop_reached': False, 'commission': 36530.851500000004, 'amount': -347500, 'limit': None, 'sid': '2010000094', 'dt': datetime.datetime(2007, 7, 2, 0, 0, tzinfo=<UTC>), 'id': 'b81865bb954c4ee8b8ab27e0c6031805', 'filled': -347500}]",2007-07-02 15:00:00+00:00,2007-07-02 09:31:00+00:00,250567.0997,29476965.8387,[],0.00857331421287,23033122.739,6193276.0,"[{'commission': 8387.9003, 'amount': -77300, 'sid': '2010000094', 'order_id': 'b81865bb954c4ee8b8ab27e0c6031805', 'price': 83.361489, 'dt': datetime.datetime(2007, 7, 2, 0, 0, tzinfo=<UTC>)}]"
2007-07-03 15:00:00,0.0,29476965.8387,0.0,[],2007-07-03 15:00:00+00:00,2007-07-03 09:31:00+00:00,0.0,29476965.8387,[],0.0,29476965.8387,0.0,[]
2007-07-04 15:00:00,0.0,29476965.8387,0.0,[],2007-07-04 15:00:00+00:00,2007-07-04 09:31:00+00:00,0.0,29476965.8387,[],0.0,29476965.8387,0.0,[]
2007-07-05 15:00:00,0.0,29476965.8387,0.0,[],2007-07-05 15:00:00+00:00,2007-07-05 09:31:00+00:00,0.0,29476965.8387,[],0.0,29476965.8387,0.0,[]
2007-07-06 15:00:00,0.0,29476965.8387,0.0,[],2007-07-06 15:00:00+00:00,2007-07-06 09:31:00+00:00,0.0,29476965.8387,[],0.0,29476965.8387,0.0,[]
2007-07-09 15:00:00,0.0,29476965.8387,0.0,[],2007-07-09 15:00:00+00:00,2007-07-09 09:31:00+00:00,0.0,29476965.8387,[],0.0,29476965.8387,0.0,[]
2007-07-10 15:00:00,0.0,29476965.8387,0.0,[],2007-07-10 15:00:00+00:00,2007-07-10 09:31:00+00:00,0.0,29476965.8387,[],0.0,29476965.8387,0.0,[]
2007-07-11 15:00:00,0.0,29476965.8387,0.0,[],2007-07-11 15:00:00+00:00,2007-07-11 09:31:00+00:00,0.0,29476965.8387,[],0.0,29476965.8387,0.0,[]
2007-07-12 15:00:00,0.0,29476965.8387,0.0,[],2007-07-12 15:00:00+00:00,2007-07-12 09:31:00+00:00,0.0,29476965.8387,[],0.0,29476965.8387,0.0,[]
2007-07-13 15:00:00,0.0,29476965.8387,0.0,[],2007-07-13 15:00:00+00:00,2007-07-13 09:31:00+00:00,0.0,29476965.8387,[],0.0,29476965.8387,0.0,[]
2007-07-16 15:00:00,0.0,29476965.8387,0.0,[],2007-07-16 15:00:00+00:00,2007-07-16 09:31:00+00:00,0.0,29476965.8387,[],0.0,29476965.8387,0.0,[]
2007-07-17 15:00:00,0.0,29476965.8387,0.0,[],2007-07-17 15:00:00+00:00,2007-07-17 09:31:00+00:00,0.0,29476965.8387,[],0.0,29476965.8387,0.0,[]
2007-07-18 15:00:00,0.0,29476965.8387,0.0,[],2007-07-18 15:00:00+00:00,2007-07-18 09:31:00+00:00,0.0,29476965.8387,[],0.0,29476965.8387,0.0,[]
2007-07-19 15:00:00,0.0,29476965.8387,0.0,[],2007-07-19 15:00:00+00:00,2007-07-19 09:31:00+00:00,0.0,29476965.8387,[],0.0,29476965.8387,0.0,[]
2007-07-20 15:00:00,0.0,29476965.8387,0.0,"[{'status': 0, 'created': datetime.datetime(2007, 7, 20, 0, 0, tzinfo=<UTC>), 'limit_reached': False, 'stop': None, 'stop_reached': False, 'commission': None, 'amount': 280900, 'limit': None, 'sid': '2010000094', 'dt': datetime.datetime(2007, 7, 20, 0, 0, tzinfo=<UTC>), 'id': 'fec90be810e949a2a26416587f9a6829', 'filled': 0}]",2007-07-20 15:00:00+00:00,2007-07-20 09:31:00+00:00,0.0,29476965.8387,[],0.0,29476965.8387,0.0,[]
2007-07-23 15:00:00,0.0,29476965.8387,0.0,[],2007-07-23 15:00:00+00:00,2007-07-23 09:31:00+00:00,0.0,29476965.8387,[],0.0,29476965.8387,0.0,[]
2007-07-24 15:00:00,-29477180.502,-214.663299993,29468340.0,"[{'status': 0, 'created': datetime.datetime(2007, 7, 20, 0, 0, tzinfo=<UTC>), 'limit_reached': False, 'stop': None, 'stop_reached': False, 'commission': 8840.501999999999, 'amount': 280900, 'limit': None, 'sid': '2010000094', 'dt': datetime.datetime(2007, 7, 24, 0, 0, tzinfo=<UTC>), 'id': 'fec90be810e949a2a26416587f9a6829', 'filled': 270600}]",2007-07-24 15:00:00+00:00,2007-07-24 09:31:00+00:00,-8840.502,29468125.3367,"[{'amount': 270600, 'last_sale_price': 108.9, 'cost_basis': 108.93267, 'sid': '2010000094'}]",-0.000299912211059,29476965.8387,0.0,"[{'commission': 8840.501999999999, 'amount': 270600, 'sid': '2010000094', 'order_id': 'fec90be810e949a2a26416587f9a6829', 'price': 108.93267, 'dt': datetime.datetime(2007, 7, 24, 0, 0, tzinfo=<UTC>)}]"
2007-07-25 15:00:00,0.0,-214.663299993,32415174.0,[],2007-07-25 15:00:00+00:00,2007-07-25 09:31:00+00:00,2946834.0,32414959.3367,"[{'amount': 270600, 'last_sale_price': 119.79, 'cost_basis': 108.93267, 'sid': '2010000094'}]",0.100000728459,-214.663299993,29468340.0,[]
2007-07-26 15:00:00,0.0,-214.663299993,33689700.0,[],2007-07-26 15:00:00+00:00,2007-07-26 09:31:00+00:00,1274526.0,33689485.3367,"[{'amount': 270600, 'last_sale_price': 124.5, 'cost_basis': 108.93267, 'sid': '2010000094'}]",0.0393190682969,-214.663299993,32415174.0,[]
2007-07-27 15:00:00,0.0,-214.663299993,33716760.0,[],2007-07-27 15:00:00+00:00,2007-07-27 09:31:00+00:00,27060.0,33716545.3367,"[{'amount': 270600, 'last_sale_price': 124.6, 'cost_basis': 108.93267, 'sid': '2010000094'}]",0.000803217969332,-214.663299993,33689700.0,[]
2007-07-30 15:00:00,0.0,-214.663299993,34425732.0,[],2007-07-30 15:00:00+00:00,2007-07-30 09:31:00+00:00,708972.0,34425517.3367,"[{'amount': 270600, 'last_sale_price': 127.22, 'cost_basis': 108.93267, 'sid': '2010000094'}]",0.021027421194,-214.663299993,33716760.0,[]
2007-07-31 15:00:00,0.0,-214.663299993,33760056.0,[],2007-07-31 15:00:00+00:00,2007-07-31 09:31:00+00:00,-665676.0,33759841.3367,"[{'amount': 270600, 'last_sale_price': 124.76, 'cost_basis': 108.93267, 'sid': '2010000094'}]",-0.0193367028733,-214.663299993,34425732.0,[]
2007-08-01 15:00:00,0.0,-214.663299993,34644918.0,[],2007-08-01 15:00:00+00:00,2007-08-01 09:31:00+00:00,884862.0,34644703.3367,"[{'amount': 270600, 'last_sale_price': 128.03, 'cost_basis': 108.93267, 'sid': '2010000094'}]",0.0262104904811,-214.663299993,33760056.0,[]
2007-08-02 15:00:00,0.0,-214.663299993,38108598.0,[],2007-08-02 15:00:00+00:00,2007-08-02 09:31:00+00:00,3463680.0,38108383.3367,"[{'amount': 270600, 'last_sale_price': 140.83, 'cost_basis': 108.93267, 'sid': '2010000094'}]",0.0999771874603,-214.663299993,34644918.0,[]
2007-08-03 15:00:00,0.0,-214.663299993,39561720.0,[],2007-08-03 15:00:00+00:00,2007-08-03 09:31:00+00:00,1453122.0,39561505.3367,"[{'amount': 270600, 'last_sale_price': 146.2, 'cost_basis': 108.93267, 'sid': '2010000094'}]",0.0381312948167,-214.663299993,38108598.0,[]
2007-08-06 15:00:00,0.0,-214.663299993,39740316.0,[],2007-08-06 15:00:00+00:00,2007-08-06 09:31:00+00:00,178596.0,39740101.3367,"[{'amount': 270600, 'last_sale_price': 146.86, 'cost_basis': 108.93267, 'sid': '2010000094'}]",0.00451438838032,-214.663299993,39561720.0,[]
2007-08-07 15:00:00,0.0,-214.663299993,42622206.0,[],2007-08-07 15:00:00+00:00,2007-08-07 09:31:00+00:00,2881890.0,42621991.3367,"[{'amount': 270600, 'last_sale_price': 157.51, 'cost_basis': 108.93267, 'sid': '2010000094'}]",0.0725184361153,-214.663299993,39740316.0,[]
2007-08-08 15:00:00,0.0,-214.663299993,42622206.0,[],2007-08-08 15:00:00+00:00,2007-08-08 09:31:00+00:00,0.0,42621991.3367,"[{'amount': 270600, 'last_sale_price': 157.51, 'cost_basis': 108.93267, 'sid': '2010000094'}]",0.0,-214.663299993,42622206.0,[]
2007-08-09 15:00:00,0.0,-214.663299993,41577690.0,[],2007-08-09 15:00:00+00:00,2007-08-09 09:31:00+00:00,-1044516.0,41577475.3367,"[{'amount': 270600, 'last_sale_price': 153.65, 'cost_basis': 108.93267, 'sid': '2010000094'}]",-0.0245065039723,-214.663299993,42622206.0,[]
2007-08-10 15:00:00,0.0,-214.663299993,37421274.0,[],2007-08-10 15:00:00+00:00,2007-08-10 09:31:00+00:00,-4156416.0,37421059.3367,"[{'amount': 270600, 'last_sale_price': 138.29, 'cost_basis': 108.93267, 'sid': '2010000094'}]",-0.0999679746387,-214.663299993,41577690.0,[]
2007-08-13 15:00:00,0.0,-214.663299993,35973564.0,[],2007-08-13 15:00:00+00:00,2007-08-13 09:31:00+00:00,-1447710.0,35973349.3367,"[{'amount': 270600, 'last_sale_price': 132.94, 'cost_basis': 108.93267, 'sid': '2010000094'}]",-0.0386870394815,-214.663299993,37421274.0,[]
2007-08-14 15:00:00,0.0,-214.663299993,37624224.0,[],2007-08-14 15:00:00+00:00,2007-08-14 09:31:00+00:00,1650660.0,37624009.3367,"[{'amount': 270600, 'last_sale_price': 139.04, 'cost_basis': 108.93267, 'sid': '2010000094'}]",0.0458856356285,-214.663299993,35973564.0,[]
2007-08-15 15:00:00,0.0,-214.663299993,38032830.0,[],2007-08-15 15:00:00+00:00,2007-08-15 09:31:00+00:00,408606.0,38032615.3367,"[{'amount': 270600, 'last_sale_price': 140.55, 'cost_basis': 108.93267, 'sid': '2010000094'}]",0.0108602460823,-214.663299993,37624224.0,[]
2007-08-16 15:00:00,0.0,-214.663299993,37096554.0,[],2007-08-16 15:00:00+00:00,2007-08-16 09:31:00+00:00,-936276.0,37096339.3367,"[{'amount': 270600, 'last_sale_price': 137.09, 'cost_basis': 108.93267, 'sid': '2010000094'}]",-0.0246177127634,-214.663299993,38032830.0,[]
2007-08-17 15:00:00,0.0,-214.663299993,37678344.0,[],2007-08-17 15:00:00+00:00,2007-08-17 09:31:00+00:00,581790.0,37678129.3367,"[{'amount': 270600, 'last_sale_price': 139.24, 'cost_basis': 108.93267, 'sid': '2010000094'}]",0.0156832186249,-214.663299993,37096554.0,[]
2007-08-20 15:00:00,0.0,-214.663299993,40387050.0,[],2007-08-20 15:00:00+00:00,2007-08-20 09:31:00+00:00,2708706.0,40386835.3367,"[{'amount': 270600, 'last_sale_price': 149.25, 'cost_basis': 108.93267, 'sid': '2010000094'}]",0.0718906709989,-214.663299993,37678344.0,[]
2007-08-21 15:00:00,0.0,-214.663299993,43728960.0,[],2007-08-21 15:00:00+00:00,2007-08-21 09:31:00+00:00,3341910.0,43728745.3367,"[{'amount': 541200.0, 'last_sale_price': 80.8, 'cost_basis': 108.93267, 'sid': '2010000094'}]",0.0827475084923,-214.663299993,40387050.0,[]
2007-08-22 15:00:00,0.0,-214.663299993,41883468.0,[],2007-08-22 15:00:00+00:00,2007-08-22 09:31:00+00:00,-1845492.0,41883253.3367,"[{'amount': 541200.0, 'last_sale_price': 77.39, 'cost_basis': 108.93267, 'sid': '2010000094'}]",-0.0422031774703,-214.663299993,43728960.0,[]
2007-08-23 15:00:00,0.0,-214.663299993,42343488.0,[],2007-08-23 15:00:00+00:00,2007-08-23 09:31:00+00:00,460020.0,42343273.3367,"[{'amount': 541200.0, 'last_sale_price': 78.24, 'cost_basis': 108.93267, 'sid': '2010000094'}]",0.0109833874724,-214.663299993,41883468.0,[]
2007-08-24 15:00:00,0.0,-214.663299993,41758992.0,[],2007-08-24 15:00:00+00:00,2007-08-24 09:31:00+00:00,-584496.0,41758777.3367,"[{'amount': 541200.0, 'last_sale_price': 77.16, 'cost_basis': 108.93267, 'sid': '2010000094'}]",-0.0138037509607,-214.663299993,42343488.0,[]
2007-08-27 15:00:00,0.0,-214.663299993,39588780.0,[],2007-08-27 15:00:00+00:00,2007-08-27 09:31:00+00:00,-2170212.0,39588565.3367,"[{'amount': 541200.0, 'last_sale_price': 73.15, 'cost_basis': 108.93267, 'sid': '2010000094'}]",-0.0519701997619,-214.663299993,41758992.0,[]
2007-08-28 15:00:00,0.0,-214.663299993,40000092.0,[],2007-08-28 15:00:00+00:00,2007-08-28 09:31:00+00:00,411312.0,39999877.3367,"[{'amount': 541200.0, 'last_sale_price': 73.91, 'cost_basis': 108.93267, 'sid': '2010000094'}]",0.0103896667258,-214.663299993,39588780.0,[]
2007-08-29 15:00:00,0.0,-214.663299993,37878588.0,[],2007-08-29 15:00:00+00:00,2007-08-29 09:31:00+00:00,-2121504.0,37878373.3367,"[{'amount': 541200.0, 'last_sale_price': 69.99, 'cost_basis': 108.93267, 'sid': '2010000094'}]",-0.0530377626447,-214.663299993,40000092.0,[]
2007-08-30 15:00:00,0.0,-214.663299993,38657916.0,[],2007-08-30 15:00:00+00:00,2007-08-30 09:31:00+00:00,779328.0,38657701.3367,"[{'amount': 541200.0, 'last_sale_price': 71.43, 'cost_basis': 108.93267, 'sid': '2010000094'}]",0.0205744843653,-214.663299993,37878588.0,[]
2007-08-31 15:00:00,0.0,-214.663299993,38511792.0,[],2007-08-31 15:00:00+00:00,2007-08-31 09:31:00+00:00,-146124.0,38511577.3367,"[{'amount': 541200.0, 'last_sale_price': 71.16, 'cost_basis': 108.93267, 'sid': '2010000094'}]",-0.00377994539115,-214.663299993,38657916.0,[]
2007-09-03 15:00:00,0.0,-214.663299993,38224956.0,[],2007-09-03 15:00:00+00:00,2007-09-03 09:31:00+00:00,-286836.0,38224741.3367,"[{'amount': 541200.0, 'last_sale_price': 70.63, 'cost_basis': 108.93267, 'sid': '2010000094'}]",-0.00744804601204,-214.663299993,38511792.0,[]
2007-09-04 15:00:00,0.0,-214.663299993,39150408.0,[],2007-09-04 15:00:00+00:00,2007-09-04 09:31:00+00:00,925452.0,39150193.3367,"[{'amount': 541200.0, 'last_sale_price': 72.34, 'cost_basis': 108.93267, 'sid': '2010000094'}]",0.0242108113132,-214.663299993,38224956.0,[]
2007-09-05 15:00:00,0.0,-214.663299993,38322372.0,[],2007-09-05 15:00:00+00:00,2007-09-05 09:31:00+00:00,-828036.0,38322157.3367,"[{'amount': 541200.0, 'last_sale_price': 70.81, 'cost_basis': 108.93267, 'sid': '2010000094'}]",-0.0211502403801,-214.663299993,39150408.0,[]
2007-09-06 15:00:00,0.0,-214.663299993,37694580.0,[],2007-09-06 15:00:00+00:00,2007-09-06 09:31:00+00:00,-627792.0,37694365.3367,"[{'amount': 541200.0, 'last_sale_price': 69.65, 'cost_basis': 108.93267, 'sid': '2010000094'}]",-0.0163819587317,-214.663299993,38322372.0,[]
2007-09-07 15:00:00,0.0,-214.663299993,36363228.0,[],2007-09-07 15:00:00+00:00,2007-09-07 09:31:00+00:00,-1331352.0,36363013.3367,"[{'amount': 541200.0, 'last_sale_price': 67.19, 'cost_basis': 108.93267, 'sid': '2010000094'}]",-0.0353196555535,-214.663299993,37694580.0,[]
2007-09-10 15:00:00,0.0,-214.663299993,35280828.0,[],2007-09-10 15:00:00+00:00,2007-09-10 09:31:00+00:00,-1082400.0,35280613.3367,"[{'amount': 541200.0, 'last_sale_price': 65.19, 'cost_basis': 108.93267, 'sid': '2010000094'}]",-0.0297665099968,-214.663299993,36363228.0,[]
2007-09-11 15:00:00,0.0,-214.663299993,33051084.0,"[{'status': 0, 'created': datetime.datetime(2007, 9, 11, 0, 0, tzinfo=<UTC>), 'limit_reached': False, 'stop': None, 'stop_reached': False, 'commission': None, 'amount': -551500, 'limit': None, 'sid': '2010000094', 'dt': datetime.datetime(2007, 9, 11, 0, 0, tzinfo=<UTC>), 'id': 'fc40fcfa08ac42fca2c6eb3cb578d71b', 'filled': 0}]",2007-09-11 15:00:00+00:00,2007-09-11 09:31:00+00:00,-2229744.0,33050869.3367,"[{'amount': 541200.0, 'last_sale_price': 61.07, 'cost_basis': 108.93267, 'sid': '2010000094'}]",-0.0632002618186,-214.663299993,35280828.0,[]
2007-09-12 15:00:00,36309443.7128,36309229.0495,0.0,"[{'status': 1, 'created': datetime.datetime(2007, 7, 20, 0, 0, tzinfo=<UTC>), 'limit_reached': False, 'stop': None, 'stop_reached': False, 'commission': 9048.088199999998, 'amount': 280900, 'limit': None, 'sid': '2010000094', 'dt': datetime.datetime(2007, 9, 12, 0, 0, tzinfo=<UTC>), 'id': 'fec90be810e949a2a26416587f9a6829', 'filled': 280900}, {'status': 1, 'created': datetime.datetime(2007, 9, 11, 0, 0, tzinfo=<UTC>), 'limit_reached': False, 'stop': None, 'stop_reached': False, 'commission': 48164.701, 'amount': -551500, 'limit': None, 'sid': '2010000094', 'dt': datetime.datetime(2007, 9, 12, 0, 0, tzinfo=<UTC>), 'id': 'fc40fcfa08ac42fca2c6eb3cb578d71b', 'filled': -551500}, {'status': 0, 'created': datetime.datetime(2007, 9, 12, 0, 0, tzinfo=<UTC>), 'limit_reached': False, 'stop': None, 'stop_reached': False, 'commission': None, 'amount': 540400, 'limit': None, 'sid': '2010000094', 'dt': datetime.datetime(2007, 9, 12, 0, 0, tzinfo=<UTC>), 'id': '96aa693e71c24b1fb083c3c2ef6d0b49', 'filled': 0}]",2007-09-12 15:00:00+00:00,2007-09-12 09:31:00+00:00,3258359.7128,36309229.0495,[],0.0985862029711,-214.663299993,33051084.0,"[{'commission': 30575.633400000002, 'amount': -350100, 'sid': '2010000094', 'order_id': 'fc40fcfa08ac42fca2c6eb3cb578d71b', 'price': 67.09266600000001, 'dt': datetime.datetime(2007, 9, 12, 0, 0, tzinfo=<UTC>)}, {'commission': 207.58620000000002, 'amount': 10300, 'sid': '2010000094', 'order_id': 'fec90be810e949a2a26416587f9a6829', 'price': 67.20015400000001, 'dt': datetime.datetime(2007, 9, 12, 0, 0, tzinfo=<UTC>)}, {'commission': 17589.067600000002, 'amount': -201400, 'sid': '2010000094', 'order_id': 'fc40fcfa08ac42fca2c6eb3cb578d71b', 'price': 67.09266600000001, 'dt': datetime.datetime(2007, 9, 12, 0, 0, tzinfo=<UTC>)}]"
2007-09-13 15:00:00,-36311010.036,-1780.98649999,36300120.0,"[{'status': 0, 'created': datetime.datetime(2007, 9, 12, 0, 0, tzinfo=<UTC>), 'limit_reached': False, 'stop': None, 'stop_reached': False, 'commission': 10890.036, 'amount': 540400, 'limit': None, 'sid': '2010000094', 'dt': datetime.datetime(2007, 9, 13, 0, 0, tzinfo=<UTC>), 'id': '96aa693e71c24b1fb083c3c2ef6d0b49', 'filled': 535400}]",2007-09-13 15:00:00+00:00,2007-09-13 09:31:00+00:00,-10890.036,36298339.0135,"[{'amount': 535400.0, 'last_sale_price': 67.8, 'cost_basis': 67.82034, 'sid': '2010000094'}]",-0.000299924737734,36309229.0495,0.0,"[{'commission': 6449.813999999999, 'amount': 317100, 'sid': '2010000094', 'order_id': '96aa693e71c24b1fb083c3c2ef6d0b49', 'price': 67.82034, 'dt': datetime.datetime(2007, 9, 13, 0, 0, tzinfo=<UTC>)}, {'commission': 4440.222, 'amount': 218300, 'sid': '2010000094', 'order_id': '96aa693e71c24b1fb083c3c2ef6d0b49', 'price': 67.82034, 'dt': datetime.datetime(2007, 9, 13, 0, 0, tzinfo=<UTC>)}]"
2007-09-14 15:00:00,0.0,-1780.98649999,35411356.0,[],2007-09-14 15:00:00+00:00,2007-09-14 09:31:00+00:00,-888764.0,35409575.0135,"[{'amount': 535400.0, 'last_sale_price': 66.14, 'cost_basis': 67.82034, 'sid': '2010000094'}]",-0.0244849771134,-1780.98649999,36300120.0,[]
2007-09-17 15:00:00,0.0,-1780.98649999,38013400.0,[],2007-09-17 15:00:00+00:00,2007-09-17 09:31:00+00:00,2602044.0,38011619.0135,"[{'amount': 535400.0, 'last_sale_price': 71.0, 'cost_basis': 67.82034, 'sid': '2010000094'}]",0.0734841917478,-1780.98649999,35411356.0,[]
2007-09-18 15:00:00,0.0,-1780.98649999,38099064.0,[],2007-09-18 15:00:00+00:00,2007-09-18 09:31:00+00:00,85664.0,38097283.0135,"[{'amount': 535400.0, 'last_sale_price': 71.16, 'cost_basis': 67.82034, 'sid': '2010000094'}]",0.00225362671265,-1780.98649999,38013400.0,[]
2007-09-19 15:00:00,0.0,-1780.98649999,36658838.0,[],2007-09-19 15:00:00+00:00,2007-09-19 09:31:00+00:00,-1440226.0,36657057.0135,"[{'amount': 535400.0, 'last_sale_price': 68.47, 'cost_basis': 67.82034, 'sid': '2010000094'}]",-0.0378039032203,-1780.98649999,38099064.0,[]
2007-09-20 15:00:00,0.0,-1780.98649999,36193040.0,[],2007-09-20 15:00:00+00:00,2007-09-20 09:31:00+00:00,-465798.0,36191259.0135,"[{'amount': 535400.0, 'last_sale_price': 67.6, 'cost_basis': 67.82034, 'sid': '2010000094'}]",-0.0127069120641,-1780.98649999,36658838.0,[]
2007-09-21 15:00:00,0.0,-1780.98649999,34918788.0,[],2007-09-21 15:00:00+00:00,2007-09-21 09:31:00+00:00,-1274252.0,34917007.0135,"[{'amount': 535400.0, 'last_sale_price': 65.22, 'cost_basis': 67.82034, 'sid': '2010000094'}]",-0.0352088331474,-1780.98649999,36193040.0,[]
2007-09-24 15:00:00,0.0,-1780.98649999,34292370.0,[],2007-09-24 15:00:00+00:00,2007-09-24 09:31:00+00:00,-626418.0,34290589.0135,"[{'amount': 535400.0, 'last_sale_price': 64.05, 'cost_basis': 67.82034, 'sid': '2010000094'}]",-0.0179401974447,-1780.98649999,34918788.0,[]
2007-09-25 15:00:00,0.0,-1780.98649999,34415512.0,[],2007-09-25 15:00:00+00:00,2007-09-25 09:31:00+00:00,123142.0,34413731.0135,"[{'amount': 535400.0, 'last_sale_price': 64.28, 'cost_basis': 67.82034, 'sid': '2010000094'}]",0.00359113108123,-1780.98649999,34292370.0,[]
2007-09-26 15:00:00,0.0,-1780.98649999,35186488.0,"[{'status': 0, 'created': datetime.datetime(2007, 9, 26, 0, 0, tzinfo=<UTC>), 'limit_reached': False, 'stop': None, 'stop_reached': False, 'commission': None, 'amount': -540400, 'limit': None, 'sid': '2010000094', 'dt': datetime.datetime(2007, 9, 26, 0, 0, tzinfo=<UTC>), 'id': 'a4431e15322642798c8eb19c696685dd', 'filled': 0}]",2007-09-26 15:00:00+00:00,2007-09-26 09:31:00+00:00,770976.0,35184707.0135,"[{'amount': 535400.0, 'last_sale_price': 65.72, 'cost_basis': 67.82034, 'sid': '2010000094'}]",0.0224031506406,-1780.98649999,34415512.0,[]
2007-09-27 15:00:00,12188735.4214,12186954.4349,22590524.0,"[{'status': 1, 'created': datetime.datetime(2007, 9, 12, 0, 0, tzinfo=<UTC>), 'limit_reached': False, 'stop': None, 'stop_reached': False, 'commission': 10987.521, 'amount': 540400, 'limit': None, 'sid': '2010000094', 'dt': datetime.datetime(2007, 9, 27, 0, 0, tzinfo=<UTC>), 'id': '96aa693e71c24b1fb083c3c2ef6d0b49', 'filled': 540400}, {'status': 0, 'created': datetime.datetime(2007, 9, 26, 0, 0, tzinfo=<UTC>), 'limit_reached': False, 'stop': None, 'stop_reached': False, 'commission': 16289.093599999998, 'amount': -540400, 'limit': None, 'sid': '2010000094', 'dt': datetime.datetime(2007, 9, 27, 0, 0, tzinfo=<UTC>), 'id': 'a4431e15322642798c8eb19c696685dd', 'filled': -192800}, {'status': 0, 'created': datetime.datetime(2007, 9, 27, 0, 0, tzinfo=<UTC>), 'limit_reached': False, 'stop': None, 'stop_reached': False, 'commission': None, 'amount': 187500, 'limit': None, 'sid': '2010000094', 'dt': datetime.datetime(2007, 9, 27, 0, 0, tzinfo=<UTC>), 'id': 'bfd9e45945d24d468b59bc3e781d15e8', 'filled': 0}]",2007-09-27 15:00:00+00:00,2007-09-27 09:31:00+00:00,-407228.5786,34777478.4349,"[{'amount': 347600.0, 'last_sale_price': 64.99, 'cost_basis': 67.78850712344281, 'sid': '2010000094'}]",-0.0115740221581,-1780.98649999,35186488.0,"[{'commission': 8355.764299999999, 'amount': -98900, 'sid': '2010000094', 'order_id': 'a4431e15322642798c8eb19c696685dd', 'price': 64.905513, 'dt': datetime.datetime(2007, 9, 27, 0, 0, tzinfo=<UTC>)}, {'commission': 97.48499999999999, 'amount': 5000, 'sid': '2010000094', 'order_id': '96aa693e71c24b1fb083c3c2ef6d0b49', 'price': 65.009497, 'dt': datetime.datetime(2007, 9, 27, 0, 0, tzinfo=<UTC>)}, {'commission': 7933.329299999999, 'amount': -93900, 'sid': '2010000094', 'order_id': 'a4431e15322642798c8eb19c696685dd', 'price': 64.905513, 'dt': datetime.datetime(2007, 9, 27, 0, 0, tzinfo=<UTC>)}]"
2007-09-28 15:00:00,9364070.862,21551025.2969,13575768.0,"[{'status': 0, 'created': datetime.datetime(2007, 9, 26, 0, 0, tzinfo=<UTC>), 'limit_reached': False, 'stop': None, 'stop_reached': False, 'commission': 28478.2316, 'amount': -540400, 'limit': None, 'sid': '2010000094', 'dt': datetime.datetime(2007, 9, 28, 0, 0, tzinfo=<UTC>), 'id': 'a4431e15322642798c8eb19c696685dd', 'filled': -334800}]",2007-09-28 15:00:00+00:00,2007-09-28 09:31:00+00:00,349314.862,35126793.2969,"[{'amount': 205600.0, 'last_sale_price': 66.03, 'cost_basis': 67.78850712344281, 'sid': '2010000094'}]",0.0100442837641,12186954.4349,22590524.0,"[{'commission': 12189.137999999999, 'amount': -142000, 'sid': '2010000094', 'order_id': 'a4431e15322642798c8eb19c696685dd', 'price': 65.94416100000001, 'dt': datetime.datetime(2007, 9, 28, 0, 0, tzinfo=<UTC>)}]"
2007-10-08 15:00:00,-9071682.0129,12479343.284,23041811.0,"[{'status': 1, 'created': datetime.datetime(2007, 9, 27, 0, 0, tzinfo=<UTC>), 'limit_reached': False, 'stop': None, 'stop_reached': False, 'commission': 3824.437499999999, 'amount': 187500, 'limit': None, 'sid': '2010000094', 'dt': datetime.datetime(2007, 10, 8, 0, 0, tzinfo=<UTC>), 'id': 'bfd9e45945d24d468b59bc3e781d15e8', 'filled': 187500}, {'status': 0, 'created': datetime.datetime(2007, 9, 26, 0, 0, tzinfo=<UTC>), 'limit_reached': False, 'stop': None, 'stop_reached': False, 'commission': 33268.807, 'amount': -540400, 'limit': None, 'sid': '2010000094', 'dt': datetime.datetime(2007, 10, 8, 0, 0, tzinfo=<UTC>), 'id': 'a4431e15322642798c8eb19c696685dd', 'filled': -389000}]",2007-10-08 15:00:00+00:00,2007-10-08 09:31:00+00:00,394360.9871,35521154.284,"[{'amount': 338900.0, 'last_sale_price': 67.99, 'cost_basis': 67.8943436837442, 'sid': '2010000094'}]",0.011226785883,21551025.2969,13575768.0,"[{'commission': 3824.437499999999, 'amount': 187500, 'sid': '2010000094', 'order_id': 'bfd9e45945d24d468b59bc3e781d15e8', 'price': 68.010397, 'dt': datetime.datetime(2007, 10, 8, 0, 0, tzinfo=<UTC>)}, {'commission': 2395.2877, 'amount': -27100, 'sid': '2010000094', 'order_id': 'a4431e15322642798c8eb19c696685dd', 'price': 67.901613, 'dt': datetime.datetime(2007, 10, 8, 0, 0, tzinfo=<UTC>)}, {'commission': 2395.2877, 'amount': -27100, 'sid': '2010000094', 'order_id': 'a4431e15322642798c8eb19c696685dd', 'price': 67.901613, 'dt': datetime.datetime(2007, 10, 8, 0, 0, tzinfo=<UTC>)}]"
2007-10-09 15:00:00,10018722.7068,22498065.9908,12423750.0,"[{'status': 1, 'created': datetime.datetime(2007, 9, 26, 0, 0, tzinfo=<UTC>), 'limit_reached': False, 'stop': None, 'stop_reached': False, 'commission': 46310.10020000001, 'amount': -540400, 'limit': None, 'sid': '2010000094', 'dt': datetime.datetime(2007, 10, 9, 0, 0, tzinfo=<UTC>), 'id': 'a4431e15322642798c8eb19c696685dd', 'filled': -540400}]",2007-10-09 15:00:00+00:00,2007-10-09 09:31:00+00:00,-599338.2932,34921815.9908,"[{'amount': 187500.0, 'last_sale_price': 66.26, 'cost_basis': 67.8943436837442, 'sid': '2010000094'}]",-0.0168727144509,12479343.284,23041811.0,"[{'commission': 10121.215000000002, 'amount': -117500, 'sid': '2010000094', 'order_id': 'a4431e15322642798c8eb19c696685dd', 'price': 66.173862, 'dt': datetime.datetime(2007, 10, 9, 0, 0, tzinfo=<UTC>)}, {'commission': 2920.078200000001, 'amount': -33900, 'sid': '2010000094', 'order_id': 'a4431e15322642798c8eb19c696685dd', 'price': 66.173862, 'dt': datetime.datetime(2007, 10, 9, 0, 0, tzinfo=<UTC>)}]"
2007-10-10 15:00:00,0.0,22498065.9908,12416250.0,[],2007-10-10 15:00:00+00:00,2007-10-10 09:31:00+00:00,-7500.0,34914315.9908,"[{'amount': 187500.0, 'last_sale_price': 66.22, 'cost_basis': 67.8943436837442, 'sid': '2010000094'}]",-0.000214765463571,22498065.9908,12423750.0,[]
2007-10-11 15:00:00,0.0,22498065.9908,12076875.0,[],2007-10-11 15:00:00+00:00,2007-10-11 09:31:00+00:00,-339375.0,34574940.9908,"[{'amount': 187500.0, 'last_sale_price': 64.41, 'cost_basis': 67.8943436837442, 'sid': '2010000094'}]",-0.00972022479516,22498065.9908,12416250.0,[]
2007-10-12 15:00:00,0.0,22498065.9908,12781875.0,[],2007-10-12 15:00:00+00:00,2007-10-12 09:31:00+00:00,705000.0,35279940.9908,"[{'amount': 187500.0, 'last_sale_price': 68.17, 'cost_basis': 67.8943436837442, 'sid': '2010000094'}]",0.0203904903319,22498065.9908,12076875.0,[]
2007-10-15 15:00:00,0.0,22498065.9908,14060625.0,[],2007-10-15 15:00:00+00:00,2007-10-15 09:31:00+00:00,1278750.0,36558690.9908,"[{'amount': 187500.0, 'last_sale_price': 74.99, 'cost_basis': 67.8943436837442, 'sid': '2010000094'}]",0.0362458089239,22498065.9908,12781875.0,[]
2007-10-16 15:00:00,0.0,22498065.9908,13745625.0,[],2007-10-16 15:00:00+00:00,2007-10-16 09:31:00+00:00,-315000.0,36243690.9908,"[{'amount': 187500.0, 'last_sale_price': 73.31, 'cost_basis': 67.8943436837442, 'sid': '2010000094'}]",-0.00861628224269,22498065.9908,14060625.0,[]
2007-10-17 15:00:00,0.0,22498065.9908,13288125.0,[],2007-10-17 15:00:00+00:00,2007-10-17 09:31:00+00:00,-457500.0,35786190.9908,"[{'amount': 187500.0, 'last_sale_price': 70.87, 'cost_basis': 67.8943436837442, 'sid': '2010000094'}]",-0.012622886563,22498065.9908,13745625.0,[]
2007-10-18 15:00:00,0.0,22498065.9908,13468125.0,[],2007-10-18 15:00:00+00:00,2007-10-18 09:31:00+00:00,180000.0,35966190.9908,"[{'amount': 187500.0, 'last_sale_price': 71.83, 'cost_basis': 67.8943436837442, 'sid': '2010000094'}]",0.00502987311632,22498065.9908,13288125.0,[]
2007-10-19 15:00:00,0.0,22498065.9908,13170000.0,[],2007-10-19 15:00:00+00:00,2007-10-19 09:31:00+00:00,-298125.0,35668065.9908,"[{'amount': 187500.0, 'last_sale_price': 70.24, 'cost_basis': 67.8943436837442, 'sid': '2010000094'}]",-0.00828903455682,22498065.9908,13468125.0,[]
2007-10-22 15:00:00,0.0,22498065.9908,12630000.0,"[{'status': 0, 'created': datetime.datetime(2007, 10, 22, 0, 0, tzinfo=<UTC>), 'limit_reached': False, 'stop': None, 'stop_reached': False, 'commission': None, 'amount': -187500, 'limit': None, 'sid': '2010000094', 'dt': datetime.datetime(2007, 10, 22, 0, 0, tzinfo=<UTC>), 'id': 'f86c308fe9134f7bbbddf0f0909b3d93', 'filled': 0}]",2007-10-22 15:00:00+00:00,2007-10-22 09:31:00+00:00,-540000.0,35128065.9908,"[{'amount': 187500.0, 'last_sale_price': 67.36, 'cost_basis': 67.8943436837442, 'sid': '2010000094'}]",-0.0151395929384,22498065.9908,13170000.0,[]
2007-10-23 15:00:00,12364530.1875,34862596.1783,0.0,"[{'status': 1, 'created': datetime.datetime(2007, 10, 22, 0, 0, tzinfo=<UTC>), 'limit_reached': False, 'stop': None, 'stop_reached': False, 'commission': 16094.8125, 'amount': -187500, 'limit': None, 'sid': '2010000094', 'dt': datetime.datetime(2007, 10, 23, 0, 0, tzinfo=<UTC>), 'id': 'f86c308fe9134f7bbbddf0f0909b3d93', 'filled': -187500}]",2007-10-23 15:00:00+00:00,2007-10-23 09:31:00+00:00,-265469.8125,34862596.1783,[],-0.00755719977779,22498065.9908,12630000.0,"[{'commission': 12609.749099999999, 'amount': -146900, 'sid': '2010000094', 'order_id': 'f86c308fe9134f7bbbddf0f0909b3d93', 'price': 65.94416100000001, 'dt': datetime.datetime(2007, 10, 23, 0, 0, tzinfo=<UTC>)}, {'commission': 3485.0634, 'amount': -40600, 'sid': '2010000094', 'order_id': 'f86c308fe9134f7bbbddf0f0909b3d93', 'price': 65.94416100000001, 'dt': datetime.datetime(2007, 10, 23, 0, 0, tzinfo=<UTC>)}]"
2007-10-24 15:00:00,0.0,34862596.1783,0.0,[],2007-10-24 15:00:00+00:00,2007-10-24 09:31:00+00:00,0.0,34862596.1783,[],0.0,34862596.1783,0.0,[]
2007-10-25 15:00:00,0.0,34862596.1783,0.0,[],2007-10-25 15:00:00+00:00,2007-10-25 09:31:00+00:00,0.0,34862596.1783,[],0.0,34862596.1783,0.0,[]
2007-10-26 15:00:00,0.0,34862596.1783,0.0,[],2007-10-26 15:00:00+00:00,2007-10-26 09:31:00+00:00,0.0,34862596.1783,[],0.0,34862596.1783,0.0,[]
2007-10-29 15:00:00,0.0,34862596.1783,0.0,[],2007-10-29 15:00:00+00:00,2007-10-29 09:31:00+00:00,0.0,34862596.1783,[],0.0,34862596.1783,0.0,[]
2007-10-30 15:00:00,0.0,34862596.1783,0.0,[],2007-10-30 15:00:00+00:00,2007-10-30 09:31:00+00:00,0.0,34862596.1783,[],0.0,34862596.1783,0.0,[]
2007-10-31 15:00:00,0.0,34862596.1783,0.0,"[{'status': 0, 'created': datetime.datetime(2007, 10, 31, 0, 0, tzinfo=<UTC>), 'limit_reached': False, 'stop': None, 'stop_reached': False, 'commission': None, 'amount': 544800, 'limit': None, 'sid': '2010000094', 'dt': datetime.datetime(2007, 10, 31, 0, 0, tzinfo=<UTC>), 'id': 'd4554d3af5554ec6b68c98e25bb55e34', 'filled': 0}]",2007-10-31 15:00:00+00:00,2007-10-31 09:31:00+00:00,0.0,34862596.1783,[],0.0,34862596.1783,0.0,[]
2007-11-01 15:00:00,-13644150.0174,21218446.1609,13640058.0,"[{'status': 0, 'created': datetime.datetime(2007, 10, 31, 0, 0, tzinfo=<UTC>), 'limit_reached': False, 'stop': None, 'stop_reached': False, 'commission': 4092.0173999999997, 'amount': 544800, 'limit': None, 'sid': '2010000094', 'dt': datetime.datetime(2007, 11, 1, 0, 0, tzinfo=<UTC>), 'id': 'd4554d3af5554ec6b68c98e25bb55e34', 'filled': 216200}, {'status': 0, 'created': datetime.datetime(2007, 11, 1, 0, 0, tzinfo=<UTC>), 'limit_reached': False, 'stop': None, 'stop_reached': False, 'commission': None, 'amount': -544800, 'limit': None, 'sid': '2010000094', 'dt': datetime.datetime(2007, 11, 1, 0, 0, tzinfo=<UTC>), 'id': '8ad8ca7e5b144402817753a971437796', 'filled': 0}]",2007-11-01 15:00:00+00:00,2007-11-01 09:31:00+00:00,-4092.0174,34858504.1609,"[{'amount': 216200.0, 'last_sale_price': 63.09, 'cost_basis': 63.108927, 'sid': '2010000094'}]",-0.00011737557866,34862596.1783,0.0,"[{'commission': 2046.0086999999999, 'amount': 108100, 'sid': '2010000094', 'order_id': 'd4554d3af5554ec6b68c98e25bb55e34', 'price': 63.108927, 'dt': datetime.datetime(2007, 11, 1, 0, 0, tzinfo=<UTC>)}, {'commission': 2046.0086999999999, 'amount': 108100, 'sid': '2010000094', 'order_id': 'd4554d3af5554ec6b68c98e25bb55e34', 'price': 63.108927, 'dt': datetime.datetime(2007, 11, 1, 0, 0, tzinfo=<UTC>)}]"
2007-11-02 15:00:00,-8750962.5014,12467483.6595,21984102.0,"[{'status': 0, 'created': datetime.datetime(2007, 10, 31, 0, 0, tzinfo=<UTC>), 'limit_reached': False, 'stop': None, 'stop_reached': False, 'commission': 6716.5188, 'amount': 544800, 'limit': None, 'sid': '2010000094', 'dt': datetime.datetime(2007, 11, 2, 0, 0, tzinfo=<UTC>), 'id': 'd4554d3af5554ec6b68c98e25bb55e34', 'filled': 359100}]",2007-11-02 15:00:00+00:00,2007-11-02 09:31:00+00:00,-406918.5014,34451585.6595,"[{'amount': 359100.0, 'last_sale_price': 61.22, 'cost_basis': 62.36455727875243, 'sid': '2010000094'}]",-0.0116734355416,21218446.1609,13640058.0,"[{'commission': 2624.5013999999996, 'amount': 142900, 'sid': '2010000094', 'order_id': 'd4554d3af5554ec6b68c98e25bb55e34', 'price': 61.238366, 'dt': datetime.datetime(2007, 11, 2, 0, 0, tzinfo=<UTC>)}]"
2007-11-05 15:00:00,5508449.694,17975933.3535,16130928.0,"[{'status': 0, 'created': datetime.datetime(2007, 11, 1, 0, 0, tzinfo=<UTC>), 'limit_reached': False, 'stop': None, 'stop_reached': False, 'commission': 7170.3060000000005, 'amount': -544800, 'limit': None, 'sid': '2010000094', 'dt': datetime.datetime(2007, 11, 5, 0, 0, tzinfo=<UTC>), 'id': '8ad8ca7e5b144402817753a971437796', 'filled': -91500}]",2007-11-05 15:00:00+00:00,2007-11-05 09:31:00+00:00,-344724.306,34106861.3535,"[{'amount': 267600.0, 'last_sale_price': 60.28, 'cost_basis': 62.36455727875243, 'sid': '2010000094'}]",-0.0100060505025,12467483.6595,21984102.0,"[{'commission': 7170.3060000000005, 'amount': -91500, 'sid': '2010000094', 'order_id': '8ad8ca7e5b144402817753a971437796', 'price': 60.201636, 'dt': datetime.datetime(2007, 11, 5, 0, 0, tzinfo=<UTC>)}]"
2007-11-06 15:00:00,-5134359.846,12841573.5075,21349380.0,"[{'status': 0, 'created': datetime.datetime(2007, 10, 31, 0, 0, tzinfo=<UTC>), 'limit_reached': False, 'stop': None, 'stop_reached': False, 'commission': 8256.3648, 'amount': 544800, 'limit': None, 'sid': '2010000094', 'dt': datetime.datetime(2007, 11, 6, 0, 0, tzinfo=<UTC>), 'id': 'd4554d3af5554ec6b68c98e25bb55e34', 'filled': 443800}]",2007-11-06 15:00:00+00:00,2007-11-06 09:31:00+00:00,84092.154,34190953.5075,"[{'amount': 352300.0, 'last_sale_price': 60.6, 'cost_basis': 61.944693084854244, 'sid': '2010000094'}]",0.00246554947195,17975933.3535,16130928.0,"[{'commission': 1539.8459999999998, 'amount': 84700, 'sid': '2010000094', 'order_id': 'd4554d3af5554ec6b68c98e25bb55e34', 'price': 60.61818, 'dt': datetime.datetime(2007, 11, 6, 0, 0, tzinfo=<UTC>)}]"
2007-11-07 15:00:00,5027009.3811,17868582.8886,15755670.0,"[{'status': 0, 'created': datetime.datetime(2007, 11, 1, 0, 0, tzinfo=<UTC>), 'limit_reached': False, 'stop': None, 'stop_reached': False, 'commission': 13713.924900000002, 'amount': -544800, 'limit': None, 'sid': '2010000094', 'dt': datetime.datetime(2007, 11, 7, 0, 0, tzinfo=<UTC>), 'id': '8ad8ca7e5b144402817753a971437796', 'filled': -176800}]",2007-11-07 15:00:00+00:00,2007-11-07 09:31:00+00:00,-566700.6189,33624252.8886,"[{'amount': 267000.0, 'last_sale_price': 59.01, 'cost_basis': 61.944693084854244, 'sid': '2010000094'}]",-0.0165745777981,12841573.5075,21349380.0,"[{'commission': 6543.6189, 'amount': -85300, 'sid': '2010000094', 'order_id': '8ad8ca7e5b144402817753a971437796', 'price': 58.933287, 'dt': datetime.datetime(2007, 11, 7, 0, 0, tzinfo=<UTC>)}]"
2007-11-08 15:00:00,-2967015.4992,14901567.3894,17716356.0,"[{'status': 1, 'created': datetime.datetime(2007, 10, 31, 0, 0, tzinfo=<UTC>), 'limit_reached': False, 'stop': None, 'stop_reached': False, 'commission': 9930.7428, 'amount': 544800, 'limit': None, 'sid': '2010000094', 'dt': datetime.datetime(2007, 11, 8, 0, 0, tzinfo=<UTC>), 'id': 'd4554d3af5554ec6b68c98e25bb55e34', 'filled': 544800}, {'status': 0, 'created': datetime.datetime(2007, 11, 1, 0, 0, tzinfo=<UTC>), 'limit_reached': False, 'stop': None, 'stop_reached': False, 'commission': 17119.046100000003, 'amount': -544800, 'limit': None, 'sid': '2010000094', 'dt': datetime.datetime(2007, 11, 8, 0, 0, tzinfo=<UTC>), 'id': '8ad8ca7e5b144402817753a971437796', 'filled': -224200}]",2007-11-08 15:00:00+00:00,2007-11-08 09:31:00+00:00,-1006329.4992,32617923.3894,"[{'amount': 320600.0, 'last_sale_price': 55.26, 'cost_basis': 60.11458541210893, 'sid': '2010000094'}]",-0.0299286798292,17868582.8886,15755670.0,"[{'commission': 1674.378, 'amount': 101000, 'sid': '2010000094', 'order_id': 'd4554d3af5554ec6b68c98e25bb55e34', 'price': 55.276578, 'dt': datetime.datetime(2007, 11, 8, 0, 0, tzinfo=<UTC>)}, {'commission': 1702.5606, 'amount': -23700, 'sid': '2010000094', 'order_id': '8ad8ca7e5b144402817753a971437796', 'price': 55.188162, 'dt': datetime.datetime(2007, 11, 8, 0, 0, tzinfo=<UTC>)}, {'commission': 1702.5606, 'amount': -23700, 'sid': '2010000094', 'order_id': '8ad8ca7e5b144402817753a971437796', 'price': 55.188162, 'dt': datetime.datetime(2007, 11, 8, 0, 0, tzinfo=<UTC>)}]"
2007-11-09 15:00:00,13726512.306,28628079.6954,3010176.0,"[{'status': 0, 'created': datetime.datetime(2007, 11, 1, 0, 0, tzinfo=<UTC>), 'limit_reached': False, 'stop': None, 'stop_reached': False, 'commission': 34986.7401, 'amount': -544800, 'limit': None, 'sid': '2010000094', 'dt': datetime.datetime(2007, 11, 9, 0, 0, tzinfo=<UTC>), 'id': '8ad8ca7e5b144402817753a971437796', 'filled': -487200}]",2007-11-09 15:00:00+00:00,2007-11-09 09:31:00+00:00,-979667.694,31638255.6954,"[{'amount': 57600.0, 'last_sale_price': 52.26, 'cost_basis': 60.11458541210893, 'sid': '2010000094'}]",-0.0300346432943,14901567.3894,17716356.0,"[{'commission': 8933.847, 'amount': -131500, 'sid': '2010000094', 'order_id': '8ad8ca7e5b144402817753a971437796', 'price': 52.192062, 'dt': datetime.datetime(2007, 11, 9, 0, 0, tzinfo=<UTC>)}, {'commission': 8933.847, 'amount': -131500, 'sid': '2010000094', 'order_id': '8ad8ca7e5b144402817753a971437796', 'price': 52.192062, 'dt': datetime.datetime(2007, 11, 9, 0, 0, tzinfo=<UTC>)}]"
2007-11-12 15:00:00,2880858.0096,31508937.705,0.0,"[{'status': 1, 'created': datetime.datetime(2007, 11, 1, 0, 0, tzinfo=<UTC>), 'limit_reached': False, 'stop': None, 'stop_reached': False, 'commission': 38736.730500000005, 'amount': -544800, 'limit': None, 'sid': '2010000094', 'dt': datetime.datetime(2007, 11, 12, 0, 0, tzinfo=<UTC>), 'id': '8ad8ca7e5b144402817753a971437796', 'filled': -544800}]",2007-11-12 15:00:00+00:00,2007-11-12 09:31:00+00:00,-129317.9904,31508937.705,[],-0.00408739317505,28628079.6954,3010176.0,"[{'commission': 3749.9903999999997, 'amount': -57600, 'sid': '2010000094', 'order_id': '8ad8ca7e5b144402817753a971437796', 'price': 50.014896, 'dt': datetime.datetime(2007, 11, 12, 0, 0, tzinfo=<UTC>)}]"
2007-11-13 15:00:00,0.0,31508937.705,0.0,[],2007-11-13 15:00:00+00:00,2007-11-13 09:31:00+00:00,0.0,31508937.705,[],0.0,31508937.705,0.0,[]
2007-11-14 15:00:00,0.0,31508937.705,0.0,[],2007-11-14 15:00:00+00:00,2007-11-14 09:31:00+00:00,0.0,31508937.705,[],0.0,31508937.705,0.0,[]
2007-11-15 15:00:00,0.0,31508937.705,0.0,[],2007-11-15 15:00:00+00:00,2007-11-15 09:31:00+00:00,0.0,31508937.705,[],0.0,31508937.705,0.0,[]
2007-11-16 15:00:00,0.0,31508937.705,0.0,[],2007-11-16 15:00:00+00:00,2007-11-16 09:31:00+00:00,0.0,31508937.705,[],0.0,31508937.705,0.0,[]
2007-11-19 15:00:00,0.0,31508937.705,0.0,[],2007-11-19 15:00:00+00:00,2007-11-19 09:31:00+00:00,0.0,31508937.705,[],0.0,31508937.705,0.0,[]
2007-11-20 15:00:00,0.0,31508937.705,0.0,[],2007-11-20 15:00:00+00:00,2007-11-20 09:31:00+00:00,0.0,31508937.705,[],0.0,31508937.705,0.0,[]
2007-11-21 15:00:00,0.0,31508937.705,0.0,[],2007-11-21 15:00:00+00:00,2007-11-21 09:31:00+00:00,0.0,31508937.705,[],0.0,31508937.705,0.0,[]
2007-11-22 15:00:00,0.0,31508937.705,0.0,[],2007-11-22 15:00:00+00:00,2007-11-22 09:31:00+00:00,0.0,31508937.705,[],0.0,31508937.705,0.0,[]
2007-11-23 15:00:00,0.0,31508937.705,0.0,[],2007-11-23 15:00:00+00:00,2007-11-23 09:31:00+00:00,0.0,31508937.705,[],0.0,31508937.705,0.0,[]
2007-11-26 15:00:00,0.0,31508937.705,0.0,[],2007-11-26 15:00:00+00:00,2007-11-26 09:31:00+00:00,0.0,31508937.705,[],0.0,31508937.705,0.0,[]
2007-11-27 15:00:00,0.0,31508937.705,0.0,[],2007-11-27 15:00:00+00:00,2007-11-27 09:31:00+00:00,0.0,31508937.705,[],0.0,31508937.705,0.0,[]
2007-11-28 15:00:00,0.0,31508937.705,0.0,[],2007-11-28 15:00:00+00:00,2007-11-28 09:31:00+00:00,0.0,31508937.705,[],0.0,31508937.705,0.0,[]
2007-11-29 15:00:00,0.0,31508937.705,0.0,[],2007-11-29 15:00:00+00:00,2007-11-29 09:31:00+00:00,0.0,31508937.705,[],0.0,31508937.705,0.0,[]
2007-11-30 15:00:00,0.0,31508937.705,0.0,[],2007-11-30 15:00:00+00:00,2007-11-30 09:31:00+00:00,0.0,31508937.705,[],0.0,31508937.705,0.0,[]
2007-12-03 15:00:00,0.0,31508937.705,0.0,[],2007-12-03 15:00:00+00:00,2007-12-03 09:31:00+00:00,0.0,31508937.705,[],0.0,31508937.705,0.0,[]
2007-12-04 15:00:00,0.0,31508937.705,0.0,[],2007-12-04 15:00:00+00:00,2007-12-04 09:31:00+00:00,0.0,31508937.705,[],0.0,31508937.705,0.0,[]
2007-12-05 15:00:00,0.0,31508937.705,0.0,"[{'status': 0, 'created': datetime.datetime(2007, 12, 5, 0, 0, tzinfo=<UTC>), 'limit_reached': False, 'stop': None, 'stop_reached': False, 'commission': None, 'amount': 552800, 'limit': None, 'sid': '2010000094', 'dt': datetime.datetime(2007, 12, 5, 0, 0, tzinfo=<UTC>), 'id': 'bdcabf89c18a4d2e90430ddc68fbeeb5', 'filled': 0}]",2007-12-05 15:00:00+00:00,2007-12-05 09:31:00+00:00,0.0,31508937.705,[],0.0,31508937.705,0.0,[]
2007-12-06 15:00:00,-5129714.4528,26379223.2522,5128176.0,"[{'status': 0, 'created': datetime.datetime(2007, 12, 5, 0, 0, tzinfo=<UTC>), 'limit_reached': False, 'stop': None, 'stop_reached': False, 'commission': 1538.4527999999998, 'amount': 552800, 'limit': None, 'sid': '2010000094', 'dt': datetime.datetime(2007, 12, 6, 0, 0, tzinfo=<UTC>), 'id': 'bdcabf89c18a4d2e90430ddc68fbeeb5', 'filled': 91200}]",2007-12-06 15:00:00+00:00,2007-12-06 09:31:00+00:00,-1538.4528,31507399.2522,"[{'amount': 91200.0, 'last_sale_price': 56.23, 'cost_basis': 56.246869000000004, 'sid': '2010000094'}]",-4.88259177254e-05,31508937.705,0.0,"[{'commission': 769.2263999999999, 'amount': 45600, 'sid': '2010000094', 'order_id': 'bdcabf89c18a4d2e90430ddc68fbeeb5', 'price': 56.246869, 'dt': datetime.datetime(2007, 12, 6, 0, 0, tzinfo=<UTC>)}, {'commission': 769.2263999999999, 'amount': 45600, 'sid': '2010000094', 'order_id': 'bdcabf89c18a4d2e90430ddc68fbeeb5', 'price': 56.246869, 'dt': datetime.datetime(2007, 12, 6, 0, 0, tzinfo=<UTC>)}]"
2007-12-07 15:00:00,-7367901.7076,19011321.5446,12565004.0,"[{'status': 0, 'created': datetime.datetime(2007, 12, 5, 0, 0, tzinfo=<UTC>), 'limit_reached': False, 'stop': None, 'stop_reached': False, 'commission': 3748.1603999999998, 'amount': 552800, 'limit': None, 'sid': '2010000094', 'dt': datetime.datetime(2007, 12, 7, 0, 0, tzinfo=<UTC>), 'id': 'bdcabf89c18a4d2e90430ddc68fbeeb5', 'filled': 220400}]",2007-12-07 15:00:00+00:00,2007-12-07 09:31:00+00:00,68926.2924,31576325.5446,"[{'amount': 220400.0, 'last_sale_price': 57.01, 'cost_basis': 56.70424755172414, 'sid': '2010000094'}]",0.00218762240096,26379223.2522,5128176.0,"[{'commission': 1104.8537999999999, 'amount': 64600, 'sid': '2010000094', 'order_id': 'bdcabf89c18a4d2e90430ddc68fbeeb5', 'price': 57.027103, 'dt': datetime.datetime(2007, 12, 7, 0, 0, tzinfo=<UTC>)}, {'commission': 1104.8537999999999, 'amount': 64600, 'sid': '2010000094', 'order_id': 'bdcabf89c18a4d2e90430ddc68fbeeb5', 'price': 57.027103, 'dt': datetime.datetime(2007, 12, 7, 0, 0, tzinfo=<UTC>)}]"
2007-12-10 15:00:00,-19010841.542,480.002600014,32273220.0,"[{'status': 0, 'created': datetime.datetime(2007, 12, 5, 0, 0, tzinfo=<UTC>), 'limit_reached': False, 'stop': None, 'stop_reached': False, 'commission': 9449.7024, 'amount': 552800, 'limit': None, 'sid': '2010000094', 'dt': datetime.datetime(2007, 12, 10, 0, 0, tzinfo=<UTC>), 'id': 'bdcabf89c18a4d2e90430ddc68fbeeb5', 'filled': 536100}]",2007-12-10 15:00:00+00:00,2007-12-10 09:31:00+00:00,697374.458,32273700.0026,"[{'amount': 536100.0, 'last_sale_price': 60.2, 'cost_basis': 58.77347081216192, 'sid': '2010000094'}]",0.0220853581274,19011321.5446,12565004.0,"[{'commission': 3081.036, 'amount': 170600, 'sid': '2010000094', 'order_id': 'bdcabf89c18a4d2e90430ddc68fbeeb5', 'price': 60.21806, 'dt': datetime.datetime(2007, 12, 10, 0, 0, tzinfo=<UTC>)}, {'commission': 2620.506, 'amount': 145100, 'sid': '2010000094', 'order_id': 'bdcabf89c18a4d2e90430ddc68fbeeb5', 'price': 60.21806, 'dt': datetime.datetime(2007, 12, 10, 0, 0, tzinfo=<UTC>)}]"
2007-12-11 15:00:00,0.0,480.002600014,32273220.0,[],2007-12-11 15:00:00+00:00,2007-12-11 09:31:00+00:00,0.0,32273700.0026,"[{'amount': 536100.0, 'last_sale_price': 60.2, 'cost_basis': 58.77347081216192, 'sid': '2010000094'}]",0.0,480.002600014,32273220.0,[]
2007-12-12 15:00:00,0.0,480.002600014,35500542.0,[],2007-12-12 15:00:00+00:00,2007-12-12 09:31:00+00:00,3227322.0,35501022.0026,"[{'amount': 536100.0, 'last_sale_price': 66.22, 'cost_basis': 58.77347081216192, 'sid': '2010000094'}]",0.0999985127128,480.002600014,32273220.0,[]
2007-12-13 15:00:00,0.0,480.002600014,32509104.0,"[{'status': 0, 'created': datetime.datetime(2007, 12, 13, 0, 0, tzinfo=<UTC>), 'limit_reached': False, 'stop': None, 'stop_reached': False, 'commission': None, 'amount': -552800, 'limit': None, 'sid': '2010000094', 'dt': datetime.datetime(2007, 12, 13, 0, 0, tzinfo=<UTC>), 'id': '6641be3d42504135ace6157ad4afadb8', 'filled': 0}]",2007-12-13 15:00:00+00:00,2007-12-13 09:31:00+00:00,-2991438.0,32509584.0026,"[{'amount': 536100.0, 'last_sale_price': 60.64, 'cost_basis': 58.77347081216192, 'sid': '2010000094'}]",-0.0842634333113,480.002600014,35500542.0,[]
2007-12-14 15:00:00,13355597.979,13356077.9816,20351385.0,"[{'status': 1, 'created': datetime.datetime(2007, 12, 5, 0, 0, tzinfo=<UTC>), 'limit_reached': False, 'stop': None, 'stop_reached': False, 'commission': 9764.8815, 'amount': 552800, 'limit': None, 'sid': '2010000094', 'dt': datetime.datetime(2007, 12, 14, 0, 0, tzinfo=<UTC>), 'id': 'bdcabf89c18a4d2e90430ddc68fbeeb5', 'filled': 552800}, {'status': 0, 'created': datetime.datetime(2007, 12, 13, 0, 0, tzinfo=<UTC>), 'limit_reached': False, 'stop': None, 'stop_reached': False, 'commission': 18752.8419, 'amount': -552800, 'limit': None, 'sid': '2010000094', 'dt': datetime.datetime(2007, 12, 14, 0, 0, tzinfo=<UTC>), 'id': '6641be3d42504135ace6157ad4afadb8', 'filled': -229300}, {'status': 0, 'created': datetime.datetime(2007, 12, 14, 0, 0, tzinfo=<UTC>), 'limit_reached': False, 'stop': None, 'stop_reached': False, 'commission': None, 'amount': 212300, 'limit': None, 'sid': '2010000094', 'dt': datetime.datetime(2007, 12, 14, 0, 0, tzinfo=<UTC>), 'id': 'a7d4f5bb5a0c4a5fbd7fb37d234fac63', 'filled': 0}]",2007-12-14 15:00:00+00:00,2007-12-14 09:31:00+00:00,1197878.979,33707462.9816,"[{'amount': 323500.0, 'last_sale_price': 62.91, 'cost_basis': 58.93493013402533, 'sid': '2010000094'}]",0.0368469488537,480.002600014,32509104.0,"[{'commission': 10059.309, 'amount': -123000, 'sid': '2010000094', 'order_id': '6641be3d42504135ace6157ad4afadb8', 'price': 62.828216999999995, 'dt': datetime.datetime(2007, 12, 14, 0, 0, tzinfo=<UTC>)}, {'commission': 315.17909999999995, 'amount': 16700, 'sid': '2010000094', 'order_id': 'bdcabf89c18a4d2e90430ddc68fbeeb5', 'price': 62.928872999999996, 'dt': datetime.datetime(2007, 12, 14, 0, 0, tzinfo=<UTC>)}, {'commission': 8693.5329, 'amount': -106300, 'sid': '2010000094', 'order_id': '6641be3d42504135ace6157ad4afadb8', 'price': 62.828216999999995, 'dt': datetime.datetime(2007, 12, 14, 0, 0, tzinfo=<UTC>)}]"
2007-12-17 15:00:00,6182584.1784,19538662.16,13956948.0,"[{'status': 0, 'created': datetime.datetime(2007, 12, 13, 0, 0, tzinfo=<UTC>), 'limit_reached': False, 'stop': None, 'stop_reached': False, 'commission': 26800.663500000002, 'amount': -552800, 'limit': None, 'sid': '2010000094', 'dt': datetime.datetime(2007, 12, 17, 0, 0, tzinfo=<UTC>), 'id': '6641be3d42504135ace6157ad4afadb8', 'filled': -328700}, {'status': 0, 'created': datetime.datetime(2007, 12, 17, 0, 0, tzinfo=<UTC>), 'limit_reached': False, 'stop': None, 'stop_reached': False, 'commission': None, 'amount': -212300, 'limit': None, 'sid': '2010000094', 'dt': datetime.datetime(2007, 12, 17, 0, 0, tzinfo=<UTC>), 'id': 'bb63752afa554bc39ba37e43daa859e9', 'filled': 0}]",2007-12-17 15:00:00+00:00,2007-12-17 09:31:00+00:00,-211852.8216,33495610.16,"[{'amount': 224100.0, 'last_sale_price': 62.28, 'cost_basis': 58.93493013402533, 'sid': '2010000094'}]",-0.00628504203107,13356077.9816,20351385.0,"[{'commission': 8047.821600000001, 'amount': -99400, 'sid': '2010000094', 'order_id': '6641be3d42504135ace6157ad4afadb8', 'price': 62.199036, 'dt': datetime.datetime(2007, 12, 17, 0, 0, tzinfo=<UTC>)}]"
2007-12-18 15:00:00,-5737499.7337,13801162.4263,19139200.0,"[{'status': 0, 'created': datetime.datetime(2007, 12, 14, 0, 0, tzinfo=<UTC>), 'limit_reached': False, 'stop': None, 'stop_reached': False, 'commission': 1720.7337, 'amount': 212300, 'limit': None, 'sid': '2010000094', 'dt': datetime.datetime(2007, 12, 18, 0, 0, tzinfo=<UTC>), 'id': 'a7d4f5bb5a0c4a5fbd7fb37d234fac63', 'filled': 95900}]",2007-12-18 15:00:00+00:00,2007-12-18 09:31:00+00:00,-555247.7337,32940362.4263,"[{'amount': 320000.0, 'last_sale_price': 59.81, 'cost_basis': 59.20255492729711, 'sid': '2010000094'}]",-0.0165767314298,19538662.16,13956948.0,"[{'commission': 1720.7337, 'amount': 95900, 'sid': '2010000094', 'order_id': 'a7d4f5bb5a0c4a5fbd7fb37d234fac63', 'price': 59.827943000000005, 'dt': datetime.datetime(2007, 12, 18, 0, 0, tzinfo=<UTC>)}]"
2007-12-19 15:00:00,4067501.3652,17868663.7915,15437604.0,"[{'status': 0, 'created': datetime.datetime(2007, 12, 13, 0, 0, tzinfo=<UTC>), 'limit_reached': False, 'stop': None, 'stop_reached': False, 'commission': 32095.298300000002, 'amount': -552800, 'limit': None, 'sid': '2010000094', 'dt': datetime.datetime(2007, 12, 19, 0, 0, tzinfo=<UTC>), 'id': '6641be3d42504135ace6157ad4afadb8', 'filled': -395500}, {'status': 0, 'created': datetime.datetime(2007, 12, 19, 0, 0, tzinfo=<UTC>), 'limit_reached': False, 'stop': None, 'stop_reached': False, 'commission': None, 'amount': 293000, 'limit': None, 'sid': '2010000094', 'dt': datetime.datetime(2007, 12, 19, 0, 0, tzinfo=<UTC>), 'id': '60dc4d600494410da75f7a7748f2aff9', 'filled': 0}]",2007-12-19 15:00:00+00:00,2007-12-19 09:31:00+00:00,365905.3652,33306267.7915,"[{'amount': 253200.0, 'last_sale_price': 60.97, 'cost_basis': 59.20255492729711, 'sid': '2010000094'}]",0.011108115948,13801162.4263,19139200.0,"[{'commission': 5294.6348, 'amount': -66800, 'sid': '2010000094', 'order_id': '6641be3d42504135ace6157ad4afadb8', 'price': 60.890738999999996, 'dt': datetime.datetime(2007, 12, 19, 0, 0, tzinfo=<UTC>)}]"
2007-12-20 15:00:00,4082310.0888,21950973.8803,11570264.0,"[{'status': 0, 'created': datetime.datetime(2007, 12, 17, 0, 0, tzinfo=<UTC>), 'limit_reached': False, 'stop': None, 'stop_reached': False, 'commission': 5313.9112000000005, 'amount': -212300, 'limit': None, 'sid': '2010000094', 'dt': datetime.datetime(2007, 12, 20, 0, 0, tzinfo=<UTC>), 'id': 'bb63752afa554bc39ba37e43daa859e9', 'filled': -66100}]",2007-12-20 15:00:00+00:00,2007-12-20 09:31:00+00:00,214970.0888,33521237.8803,"[{'amount': 187100.0, 'last_sale_price': 61.84, 'cost_basis': 59.20255492729711, 'sid': '2010000094'}]",0.00645434337302,17868663.7915,15437604.0,"[{'commission': 5313.9112000000005, 'amount': -66100, 'sid': '2010000094', 'order_id': 'bb63752afa554bc39ba37e43daa859e9', 'price': 61.759608, 'dt': datetime.datetime(2007, 12, 20, 0, 0, tzinfo=<UTC>)}]"
2007-12-21 15:00:00,-5804040.69,16146933.1903,17589600.0,"[{'status': 0, 'created': datetime.datetime(2007, 12, 14, 0, 0, tzinfo=<UTC>), 'limit_reached': False, 'stop': None, 'stop_reached': False, 'commission': 3461.4236999999994, 'amount': 212300, 'limit': None, 'sid': '2010000094', 'dt': datetime.datetime(2007, 12, 21, 0, 0, tzinfo=<UTC>), 'id': 'a7d4f5bb5a0c4a5fbd7fb37d234fac63', 'filled': 188000}]",2007-12-21 15:00:00+00:00,2007-12-21 09:31:00+00:00,215295.31,33736533.1903,"[{'amount': 279200.0, 'last_sale_price': 63.0, 'cost_basis': 60.4614567224115, 'sid': '2010000094'}]",0.00642265392372,21950973.8803,11570264.0,"[{'commission': 1740.6899999999996, 'amount': 92100, 'sid': '2010000094', 'order_id': 'a7d4f5bb5a0c4a5fbd7fb37d234fac63', 'price': 63.0189, 'dt': datetime.datetime(2007, 12, 21, 0, 0, tzinfo=<UTC>)}]"
2007-12-24 15:00:00,9445205.25,25592138.4403,8690500.0,"[{'status': 0, 'created': datetime.datetime(2007, 12, 13, 0, 0, tzinfo=<UTC>), 'limit_reached': False, 'stop': None, 'stop_reached': False, 'commission': 44390.0483, 'amount': -552800, 'limit': None, 'sid': '2010000094', 'dt': datetime.datetime(2007, 12, 24, 0, 0, tzinfo=<UTC>), 'id': '6641be3d42504135ace6157ad4afadb8', 'filled': -541000}]",2007-12-24 15:00:00+00:00,2007-12-24 09:31:00+00:00,546105.25,34282638.4403,"[{'amount': 133700.0, 'last_sale_price': 65.0, 'cost_basis': 60.4614567224115, 'sid': '2010000094'}]",0.0161873553195,16146933.1903,17589600.0,"[{'commission': 12294.75, 'amount': -145500, 'sid': '2010000094', 'order_id': '6641be3d42504135ace6157ad4afadb8', 'price': 64.9155, 'dt': datetime.datetime(2007, 12, 24, 0, 0, tzinfo=<UTC>)}]"
2007-12-25 15:00:00,-4853445.597,20738692.8433,13455585.0,"[{'status': 0, 'created': datetime.datetime(2007, 12, 19, 0, 0, tzinfo=<UTC>), 'limit_reached': False, 'stop': None, 'stop_reached': False, 'commission': 1455.5969999999998, 'amount': 293000, 'limit': None, 'sid': '2010000094', 'dt': datetime.datetime(2007, 12, 25, 0, 0, tzinfo=<UTC>), 'id': '60dc4d600494410da75f7a7748f2aff9', 'filled': 75400}]",2007-12-25 15:00:00+00:00,2007-12-25 09:31:00+00:00,-88360.597,34194277.8433,"[{'amount': 209100.0, 'last_sale_price': 64.35, 'cost_basis': 61.87059952552089, 'sid': '2010000094'}]",-0.00257741530466,25592138.4403,8690500.0,"[{'commission': 1455.5969999999998, 'amount': 75400, 'sid': '2010000094', 'order_id': '60dc4d600494410da75f7a7748f2aff9', 'price': 64.369305, 'dt': datetime.datetime(2007, 12, 25, 0, 0, tzinfo=<UTC>)}]"
2007-12-26 15:00:00,5324642.9538,26063335.7971,8247380.0,"[{'status': 0, 'created': datetime.datetime(2007, 12, 17, 0, 0, tzinfo=<UTC>), 'limit_reached': False, 'stop': None, 'stop_reached': False, 'commission': 12244.9574, 'amount': -212300, 'limit': None, 'sid': '2010000094', 'dt': datetime.datetime(2007, 12, 26, 0, 0, tzinfo=<UTC>), 'id': 'bb63752afa554bc39ba37e43daa859e9', 'filled': -148200}]",2007-12-26 15:00:00+00:00,2007-12-26 09:31:00+00:00,116437.9538,34310715.7971,"[{'amount': 127000.0, 'last_sale_price': 64.94, 'cost_basis': 61.87059952552089, 'sid': '2010000094'}]",0.00340518826962,20738692.8433,13455585.0,"[{'commission': 6931.0462, 'amount': -82100, 'sid': '2010000094', 'order_id': 'bb63752afa554bc39ba37e43daa859e9', 'price': 64.855578, 'dt': datetime.datetime(2007, 12, 26, 0, 0, tzinfo=<UTC>)}]"
2007-12-27 15:00:00,-6445980.4304,19617355.3667,14834960.0,"[{'status': 1, 'created': datetime.datetime(2007, 12, 14, 0, 0, tzinfo=<UTC>), 'limit_reached': False, 'stop': None, 'stop_reached': False, 'commission': 3943.1468999999993, 'amount': 212300, 'limit': None, 'sid': '2010000094', 'dt': datetime.datetime(2007, 12, 27, 0, 0, tzinfo=<UTC>), 'id': 'a7d4f5bb5a0c4a5fbd7fb37d234fac63', 'filled': 212300}, {'status': 1, 'created': datetime.datetime(2007, 12, 13, 0, 0, tzinfo=<UTC>), 'limit_reached': False, 'stop': None, 'stop_reached': False, 'commission': 45403.715500000006, 'amount': -552800, 'limit': None, 'sid': '2010000094', 'dt': datetime.datetime(2007, 12, 27, 0, 0, tzinfo=<UTC>), 'id': '6641be3d42504135ace6157ad4afadb8', 'filled': -552800}, {'status': 0, 'created': datetime.datetime(2007, 12, 19, 0, 0, tzinfo=<UTC>), 'limit_reached': False, 'stop': None, 'stop_reached': False, 'commission': 3140.6369999999997, 'amount': 293000, 'limit': None, 'sid': '2010000094', 'dt': datetime.datetime(2007, 12, 27, 0, 0, tzinfo=<UTC>), 'id': '60dc4d600494410da75f7a7748f2aff9', 'filled': 160400}]",2007-12-27 15:00:00+00:00,2007-12-27 09:31:00+00:00,141599.5696,34452315.3667,"[{'amount': 224500.0, 'last_sale_price': 66.08, 'cost_basis': 63.89393633593609, 'sid': '2010000094'}]",0.00412697800994,26063335.7971,8247380.0,"[{'commission': 481.72319999999996, 'amount': 24300, 'sid': '2010000094', 'order_id': 'a7d4f5bb5a0c4a5fbd7fb37d234fac63', 'price': 66.099824, 'dt': datetime.datetime(2007, 12, 27, 0, 0, tzinfo=<UTC>)}, {'commission': 1013.6672, 'amount': -11800, 'sid': '2010000094', 'order_id': '6641be3d42504135ace6157ad4afadb8', 'price': 65.994096, 'dt': datetime.datetime(2007, 12, 27, 0, 0, tzinfo=<UTC>)}, {'commission': 1685.0399999999997, 'amount': 85000, 'sid': '2010000094', 'order_id': '60dc4d600494410da75f7a7748f2aff9', 'price': 66.099824, 'dt': datetime.datetime(2007, 12, 27, 0, 0, tzinfo=<UTC>)}]"
2007-12-28 15:00:00,-4551770.8863,15065584.4804,19434690.0,"[{'status': 1, 'created': datetime.datetime(2007, 12, 17, 0, 0, tzinfo=<UTC>), 'limit_reached': False, 'stop': None, 'stop_reached': False, 'commission': 17772.2363, 'amount': -212300, 'limit': None, 'sid': '2010000094', 'dt': datetime.datetime(2007, 12, 28, 0, 0, tzinfo=<UTC>), 'id': 'bb63752afa554bc39ba37e43daa859e9', 'filled': -212300}, {'status': 1, 'created': datetime.datetime(2007, 12, 19, 0, 0, tzinfo=<UTC>), 'limit_reached': False, 'stop': None, 'stop_reached': False, 'commission': 5779.2444, 'amount': 293000, 'limit': None, 'sid': '2010000094', 'dt': datetime.datetime(2007, 12, 28, 0, 0, tzinfo=<UTC>), 'id': '60dc4d600494410da75f7a7748f2aff9', 'filled': 293000}]",2007-12-28 15:00:00+00:00,2007-12-28 09:31:00+00:00,47959.1137,34500274.4804,"[{'amount': 293000.0, 'last_sale_price': 66.33, 'cost_basis': 65.00540612861485, 'sid': '2010000094'}]",0.00139204326878,19617355.3667,14834960.0,"[{'commission': 5527.2789, 'amount': -64100, 'sid': '2010000094', 'order_id': 'bb63752afa554bc39ba37e43daa859e9', 'price': 66.243771, 'dt': datetime.datetime(2007, 12, 28, 0, 0, tzinfo=<UTC>)}, {'commission': 1343.1824999999997, 'amount': 67500, 'sid': '2010000094', 'order_id': '60dc4d600494410da75f7a7748f2aff9', 'price': 66.349899, 'dt': datetime.datetime(2007, 12, 28, 0, 0, tzinfo=<UTC>)}, {'commission': 1295.4248999999998, 'amount': 65100, 'sid': '2010000094', 'order_id': '60dc4d600494410da75f7a7748f2aff9', 'price': 66.349899, 'dt': datetime.datetime(2007, 12, 28, 0, 0, tzinfo=<UTC>)}]"
